letter,start_position,end_position,prop_size,blue_end_orientation,red_end_orientation,optimal_blue_location,optimal_red_location
G,beta1,beta2,large,in,in,"{'x': 643.0, 'y': 300.0}","{'x': 696.0, 'y': 250.0}"
G,beta1,beta2,large,in,in,"{'x': 643.0, 'y': 300.0}","{'x': 696.0, 'y': 250.0}"
G,beta1,beta2,large,in,in,"{'x': 643.0, 'y': 300.0}","{'x': 696.0, 'y': 250.0}"
G,beta1,beta2,large,in,in,"{'x': 643.0, 'y': 300.0}","{'x': 696.0, 'y': 250.0}"
G,beta1,beta4,large,in,in,"{'x': 308.0, 'y': 307.0}","{'x': 253.0, 'y': 248.0}"
G,beta1,beta4,large,in,in,"{'x': 308.0, 'y': 307.0}","{'x': 253.0, 'y': 248.0}"
G,beta1,beta4,large,in,in,"{'x': 308.0, 'y': 307.0}","{'x': 253.0, 'y': 248.0}"
G,beta1,beta4,large,in,in,"{'x': 308.0, 'y': 307.0}","{'x': 253.0, 'y': 248.0}"
G,beta1,beta2,large,out,out,"{'x': 643.0, 'y': 300.0}","{'x': 696.0, 'y': 250.0}"
G,beta1,beta2,large,out,out,"{'x': 643.0, 'y': 300.0}","{'x': 696.0, 'y': 250.0}"
G,beta1,beta2,large,out,out,"{'x': 643.0, 'y': 300.0}","{'x': 696.0, 'y': 250.0}"
G,beta1,beta2,large,out,out,"{'x': 643.0, 'y': 300.0}","{'x': 696.0, 'y': 250.0}"
G,beta1,beta4,large,out,out,"{'x': 308.0, 'y': 307.0}","{'x': 253.0, 'y': 248.0}"
G,beta1,beta4,large,out,out,"{'x': 308.0, 'y': 307.0}","{'x': 253.0, 'y': 248.0}"
G,beta1,beta4,large,out,out,"{'x': 308.0, 'y': 307.0}","{'x': 253.0, 'y': 248.0}"
G,beta1,beta4,large,out,out,"{'x': 308.0, 'y': 307.0}","{'x': 253.0, 'y': 248.0}"
G,beta1,beta2,small,in,in,"{'x': 643.0, 'y': 300.0}","{'x': 696.0, 'y': 250.0}"
G,beta1,beta2,small,in,in,"{'x': 643.0, 'y': 300.0}","{'x': 696.0, 'y': 250.0}"
G,beta1,beta2,small,in,in,"{'x': 643.0, 'y': 300.0}","{'x': 696.0, 'y': 250.0}"
G,beta1,beta2,small,in,in,"{'x': 643.0, 'y': 300.0}","{'x': 696.0, 'y': 250.0}"
G,beta1,beta4,small,in,in,"{'x': 308.0, 'y': 307.0}","{'x': 253.0, 'y': 248.0}"
G,beta1,beta4,small,in,in,"{'x': 308.0, 'y': 307.0}","{'x': 253.0, 'y': 248.0}"
G,beta1,beta4,small,in,in,"{'x': 308.0, 'y': 307.0}","{'x': 253.0, 'y': 248.0}"
G,beta1,beta4,small,in,in,"{'x': 308.0, 'y': 307.0}","{'x': 253.0, 'y': 248.0}"
G,beta1,beta2,small,out,out,"{'x': 643.0, 'y': 300.0}","{'x': 696.0, 'y': 250.0}"
G,beta1,beta2,small,out,out,"{'x': 643.0, 'y': 300.0}","{'x': 696.0, 'y': 250.0}"
G,beta1,beta2,small,out,out,"{'x': 643.0, 'y': 300.0}","{'x': 696.0, 'y': 250.0}"
G,beta1,beta2,small,out,out,"{'x': 643.0, 'y': 300.0}","{'x': 696.0, 'y': 250.0}"
G,beta1,beta4,small,out,out,"{'x': 308.0, 'y': 307.0}","{'x': 253.0, 'y': 248.0}"
G,beta1,beta4,small,out,out,"{'x': 308.0, 'y': 307.0}","{'x': 253.0, 'y': 248.0}"
G,beta1,beta4,small,out,out,"{'x': 308.0, 'y': 307.0}","{'x': 253.0, 'y': 248.0}"
G,beta1,beta4,small,out,out,"{'x': 308.0, 'y': 307.0}","{'x': 253.0, 'y': 248.0}"
G,beta2,beta3,large,in,in,"{'x': 637.0, 'y': 639.0}","{'x': 688.0, 'y': 696.0}"
G,beta2,beta3,large,in,in,"{'x': 637.0, 'y': 639.0}","{'x': 688.0, 'y': 696.0}"
G,beta2,beta3,large,in,in,"{'x': 637.0, 'y': 639.0}","{'x': 688.0, 'y': 696.0}"
G,beta2,beta3,large,in,in,"{'x': 637.0, 'y': 639.0}","{'x': 688.0, 'y': 696.0}"
G,beta2,beta1,large,in,in,"{'x': 639.0, 'y': 318.0}","{'x': 688.0, 'y': 257.0}"
G,beta2,beta1,large,in,in,"{'x': 639.0, 'y': 318.0}","{'x': 688.0, 'y': 257.0}"
G,beta2,beta1,large,in,in,"{'x': 639.0, 'y': 318.0}","{'x': 688.0, 'y': 257.0}"
G,beta2,beta1,large,in,in,"{'x': 639.0, 'y': 318.0}","{'x': 688.0, 'y': 257.0}"
G,beta2,beta3,large,out,out,"{'x': 637.0, 'y': 639.0}","{'x': 688.0, 'y': 696.0}"
G,beta2,beta3,large,out,out,"{'x': 637.0, 'y': 639.0}","{'x': 688.0, 'y': 696.0}"
G,beta2,beta3,large,out,out,"{'x': 637.0, 'y': 639.0}","{'x': 688.0, 'y': 696.0}"
G,beta2,beta3,large,out,out,"{'x': 637.0, 'y': 639.0}","{'x': 688.0, 'y': 696.0}"
G,beta2,beta1,large,out,out,"{'x': 639.0, 'y': 318.0}","{'x': 688.0, 'y': 257.0}"
G,beta2,beta1,large,out,out,"{'x': 639.0, 'y': 318.0}","{'x': 688.0, 'y': 257.0}"
G,beta2,beta1,large,out,out,"{'x': 639.0, 'y': 318.0}","{'x': 688.0, 'y': 257.0}"
G,beta2,beta1,large,out,out,"{'x': 639.0, 'y': 318.0}","{'x': 688.0, 'y': 257.0}"
G,beta2,beta3,small,in,in,"{'x': 637.0, 'y': 639.0}","{'x': 688.0, 'y': 696.0}"
G,beta2,beta3,small,in,in,"{'x': 637.0, 'y': 639.0}","{'x': 688.0, 'y': 696.0}"
G,beta2,beta3,small,in,in,"{'x': 637.0, 'y': 639.0}","{'x': 688.0, 'y': 696.0}"
G,beta2,beta3,small,in,in,"{'x': 637.0, 'y': 639.0}","{'x': 688.0, 'y': 696.0}"
G,beta2,beta1,small,in,in,"{'x': 639.0, 'y': 318.0}","{'x': 688.0, 'y': 257.0}"
G,beta2,beta1,small,in,in,"{'x': 639.0, 'y': 318.0}","{'x': 688.0, 'y': 257.0}"
G,beta2,beta1,small,in,in,"{'x': 639.0, 'y': 318.0}","{'x': 688.0, 'y': 257.0}"
G,beta2,beta1,small,in,in,"{'x': 639.0, 'y': 318.0}","{'x': 688.0, 'y': 257.0}"
G,beta2,beta3,small,out,out,"{'x': 637.0, 'y': 639.0}","{'x': 688.0, 'y': 696.0}"
G,beta2,beta3,small,out,out,"{'x': 637.0, 'y': 639.0}","{'x': 688.0, 'y': 696.0}"
G,beta2,beta3,small,out,out,"{'x': 637.0, 'y': 639.0}","{'x': 688.0, 'y': 696.0}"
G,beta2,beta3,small,out,out,"{'x': 637.0, 'y': 639.0}","{'x': 688.0, 'y': 696.0}"
G,beta2,beta1,small,out,out,"{'x': 639.0, 'y': 318.0}","{'x': 688.0, 'y': 257.0}"
G,beta2,beta1,small,out,out,"{'x': 639.0, 'y': 318.0}","{'x': 688.0, 'y': 257.0}"
G,beta2,beta1,small,out,out,"{'x': 639.0, 'y': 318.0}","{'x': 688.0, 'y': 257.0}"
G,beta2,beta1,small,out,out,"{'x': 639.0, 'y': 318.0}","{'x': 688.0, 'y': 257.0}"
G,beta3,beta4,large,in,in,"{'x': 310.0, 'y': 641.0}","{'x': 242.0, 'y': 684.0}"
G,beta3,beta4,large,in,in,"{'x': 310.0, 'y': 641.0}","{'x': 242.0, 'y': 684.0}"
G,beta3,beta4,large,in,in,"{'x': 310.0, 'y': 641.0}","{'x': 242.0, 'y': 684.0}"
G,beta3,beta4,large,in,in,"{'x': 310.0, 'y': 641.0}","{'x': 242.0, 'y': 684.0}"
G,beta3,beta2,large,in,in,"{'x': 636.0, 'y': 642.0}","{'x': 687.0, 'y': 697.0}"
G,beta3,beta2,large,in,in,"{'x': 636.0, 'y': 642.0}","{'x': 687.0, 'y': 697.0}"
G,beta3,beta2,large,in,in,"{'x': 636.0, 'y': 642.0}","{'x': 687.0, 'y': 697.0}"
G,beta3,beta2,large,in,in,"{'x': 636.0, 'y': 642.0}","{'x': 687.0, 'y': 697.0}"
G,beta3,beta4,large,out,out,"{'x': 310.0, 'y': 641.0}","{'x': 242.0, 'y': 684.0}"
G,beta3,beta4,large,out,out,"{'x': 310.0, 'y': 641.0}","{'x': 242.0, 'y': 684.0}"
G,beta3,beta4,large,out,out,"{'x': 310.0, 'y': 641.0}","{'x': 242.0, 'y': 684.0}"
G,beta3,beta4,large,out,out,"{'x': 310.0, 'y': 641.0}","{'x': 242.0, 'y': 684.0}"
G,beta3,beta2,large,out,out,"{'x': 636.0, 'y': 642.0}","{'x': 687.0, 'y': 697.0}"
G,beta3,beta2,large,out,out,"{'x': 636.0, 'y': 642.0}","{'x': 687.0, 'y': 697.0}"
G,beta3,beta2,large,out,out,"{'x': 636.0, 'y': 642.0}","{'x': 687.0, 'y': 697.0}"
G,beta3,beta2,large,out,out,"{'x': 636.0, 'y': 642.0}","{'x': 687.0, 'y': 697.0}"
G,beta3,beta4,small,in,in,"{'x': 310.0, 'y': 641.0}","{'x': 242.0, 'y': 684.0}"
G,beta3,beta4,small,in,in,"{'x': 310.0, 'y': 641.0}","{'x': 242.0, 'y': 684.0}"
G,beta3,beta4,small,in,in,"{'x': 310.0, 'y': 641.0}","{'x': 242.0, 'y': 684.0}"
G,beta3,beta4,small,in,in,"{'x': 310.0, 'y': 641.0}","{'x': 242.0, 'y': 684.0}"
G,beta3,beta2,small,in,in,"{'x': 636.0, 'y': 642.0}","{'x': 687.0, 'y': 697.0}"
G,beta3,beta2,small,in,in,"{'x': 636.0, 'y': 642.0}","{'x': 687.0, 'y': 697.0}"
G,beta3,beta2,small,in,in,"{'x': 636.0, 'y': 642.0}","{'x': 687.0, 'y': 697.0}"
G,beta3,beta2,small,in,in,"{'x': 636.0, 'y': 642.0}","{'x': 687.0, 'y': 697.0}"
G,beta3,beta4,small,out,out,"{'x': 310.0, 'y': 641.0}","{'x': 242.0, 'y': 684.0}"
G,beta3,beta4,small,out,out,"{'x': 310.0, 'y': 641.0}","{'x': 242.0, 'y': 684.0}"
G,beta3,beta4,small,out,out,"{'x': 310.0, 'y': 641.0}","{'x': 242.0, 'y': 684.0}"
G,beta3,beta4,small,out,out,"{'x': 310.0, 'y': 641.0}","{'x': 242.0, 'y': 684.0}"
G,beta3,beta2,small,out,out,"{'x': 636.0, 'y': 642.0}","{'x': 687.0, 'y': 697.0}"
G,beta3,beta2,small,out,out,"{'x': 636.0, 'y': 642.0}","{'x': 687.0, 'y': 697.0}"
G,beta3,beta2,small,out,out,"{'x': 636.0, 'y': 642.0}","{'x': 687.0, 'y': 697.0}"
G,beta3,beta2,small,out,out,"{'x': 636.0, 'y': 642.0}","{'x': 687.0, 'y': 697.0}"
G,beta4,beta1,large,in,in,"{'x': 294.0, 'y': 294.0}","{'x': 241.0, 'y': 239.0}"
G,beta4,beta1,large,in,in,"{'x': 294.0, 'y': 294.0}","{'x': 241.0, 'y': 239.0}"
G,beta4,beta1,large,in,in,"{'x': 294.0, 'y': 294.0}","{'x': 241.0, 'y': 239.0}"
G,beta4,beta1,large,in,in,"{'x': 294.0, 'y': 294.0}","{'x': 241.0, 'y': 239.0}"
G,beta4,beta3,large,in,in,"{'x': 301.0, 'y': 649.0}","{'x': 249.0, 'y': 705.0}"
G,beta4,beta3,large,in,in,"{'x': 301.0, 'y': 649.0}","{'x': 249.0, 'y': 705.0}"
G,beta4,beta3,large,in,in,"{'x': 301.0, 'y': 649.0}","{'x': 249.0, 'y': 705.0}"
G,beta4,beta3,large,in,in,"{'x': 301.0, 'y': 649.0}","{'x': 249.0, 'y': 705.0}"
G,beta4,beta1,large,out,out,"{'x': 294.0, 'y': 294.0}","{'x': 241.0, 'y': 239.0}"
G,beta4,beta1,large,out,out,"{'x': 294.0, 'y': 294.0}","{'x': 241.0, 'y': 239.0}"
G,beta4,beta1,large,out,out,"{'x': 294.0, 'y': 294.0}","{'x': 241.0, 'y': 239.0}"
G,beta4,beta1,large,out,out,"{'x': 294.0, 'y': 294.0}","{'x': 241.0, 'y': 239.0}"
G,beta4,beta3,large,out,out,"{'x': 301.0, 'y': 649.0}","{'x': 249.0, 'y': 705.0}"
G,beta4,beta3,large,out,out,"{'x': 301.0, 'y': 649.0}","{'x': 249.0, 'y': 705.0}"
G,beta4,beta3,large,out,out,"{'x': 301.0, 'y': 649.0}","{'x': 249.0, 'y': 705.0}"
G,beta4,beta3,large,out,out,"{'x': 301.0, 'y': 649.0}","{'x': 249.0, 'y': 705.0}"
G,beta4,beta1,small,in,in,"{'x': 294.0, 'y': 294.0}","{'x': 241.0, 'y': 239.0}"
G,beta4,beta1,small,in,in,"{'x': 294.0, 'y': 294.0}","{'x': 241.0, 'y': 239.0}"
G,beta4,beta1,small,in,in,"{'x': 294.0, 'y': 294.0}","{'x': 241.0, 'y': 239.0}"
G,beta4,beta1,small,in,in,"{'x': 294.0, 'y': 294.0}","{'x': 241.0, 'y': 239.0}"
G,beta4,beta3,small,in,in,"{'x': 301.0, 'y': 649.0}","{'x': 249.0, 'y': 705.0}"
G,beta4,beta3,small,in,in,"{'x': 301.0, 'y': 649.0}","{'x': 249.0, 'y': 705.0}"
G,beta4,beta3,small,in,in,"{'x': 301.0, 'y': 649.0}","{'x': 249.0, 'y': 705.0}"
G,beta4,beta3,small,in,in,"{'x': 301.0, 'y': 649.0}","{'x': 249.0, 'y': 705.0}"
G,beta4,beta1,small,out,out,"{'x': 294.0, 'y': 294.0}","{'x': 241.0, 'y': 239.0}"
G,beta4,beta1,small,out,out,"{'x': 294.0, 'y': 294.0}","{'x': 241.0, 'y': 239.0}"
G,beta4,beta1,small,out,out,"{'x': 294.0, 'y': 294.0}","{'x': 241.0, 'y': 239.0}"
G,beta4,beta1,small,out,out,"{'x': 294.0, 'y': 294.0}","{'x': 241.0, 'y': 239.0}"
G,beta4,beta3,small,out,out,"{'x': 301.0, 'y': 649.0}","{'x': 249.0, 'y': 705.0}"
G,beta4,beta3,small,out,out,"{'x': 301.0, 'y': 649.0}","{'x': 249.0, 'y': 705.0}"
G,beta4,beta3,small,out,out,"{'x': 301.0, 'y': 649.0}","{'x': 249.0, 'y': 705.0}"
G,beta4,beta3,small,out,out,"{'x': 301.0, 'y': 649.0}","{'x': 249.0, 'y': 705.0}"
H,beta1,beta2,large,in,in,"{'x': 638.0, 'y': 294.0}","{'x': 679.0, 'y': 232.0}"
H,beta1,beta2,large,in,in,"{'x': 638.0, 'y': 294.0}","{'x': 679.0, 'y': 232.0}"
H,beta1,beta2,large,in,in,"{'x': 638.0, 'y': 294.0}","{'x': 679.0, 'y': 232.0}"
H,beta1,beta2,large,in,in,"{'x': 638.0, 'y': 294.0}","{'x': 679.0, 'y': 232.0}"
H,beta1,beta4,large,in,in,"{'x': 304.0, 'y': 306.0}","{'x': 258.0, 'y': 245.0}"
H,beta1,beta4,large,in,in,"{'x': 304.0, 'y': 306.0}","{'x': 258.0, 'y': 245.0}"
H,beta1,beta4,large,in,in,"{'x': 304.0, 'y': 306.0}","{'x': 258.0, 'y': 245.0}"
H,beta1,beta4,large,in,in,"{'x': 304.0, 'y': 306.0}","{'x': 258.0, 'y': 245.0}"
H,beta1,beta2,large,out,out,"{'x': 638.0, 'y': 294.0}","{'x': 679.0, 'y': 232.0}"
H,beta1,beta2,large,out,out,"{'x': 638.0, 'y': 294.0}","{'x': 679.0, 'y': 232.0}"
H,beta1,beta2,large,out,out,"{'x': 638.0, 'y': 294.0}","{'x': 679.0, 'y': 232.0}"
H,beta1,beta2,large,out,out,"{'x': 638.0, 'y': 294.0}","{'x': 679.0, 'y': 232.0}"
H,beta1,beta4,large,out,out,"{'x': 304.0, 'y': 306.0}","{'x': 258.0, 'y': 245.0}"
H,beta1,beta4,large,out,out,"{'x': 304.0, 'y': 306.0}","{'x': 258.0, 'y': 245.0}"
H,beta1,beta4,large,out,out,"{'x': 304.0, 'y': 306.0}","{'x': 258.0, 'y': 245.0}"
H,beta1,beta4,large,out,out,"{'x': 304.0, 'y': 306.0}","{'x': 258.0, 'y': 245.0}"
H,beta1,beta2,small,in,in,"{'x': 638.0, 'y': 294.0}","{'x': 679.0, 'y': 232.0}"
H,beta1,beta2,small,in,in,"{'x': 638.0, 'y': 294.0}","{'x': 679.0, 'y': 232.0}"
H,beta1,beta2,small,in,in,"{'x': 638.0, 'y': 294.0}","{'x': 679.0, 'y': 232.0}"
H,beta1,beta2,small,in,in,"{'x': 638.0, 'y': 294.0}","{'x': 679.0, 'y': 232.0}"
H,beta1,beta4,small,in,in,"{'x': 304.0, 'y': 306.0}","{'x': 258.0, 'y': 245.0}"
H,beta1,beta4,small,in,in,"{'x': 304.0, 'y': 306.0}","{'x': 258.0, 'y': 245.0}"
H,beta1,beta4,small,in,in,"{'x': 304.0, 'y': 306.0}","{'x': 258.0, 'y': 245.0}"
H,beta1,beta4,small,in,in,"{'x': 304.0, 'y': 306.0}","{'x': 258.0, 'y': 245.0}"
H,beta1,beta2,small,out,out,"{'x': 638.0, 'y': 294.0}","{'x': 679.0, 'y': 232.0}"
H,beta1,beta2,small,out,out,"{'x': 638.0, 'y': 294.0}","{'x': 679.0, 'y': 232.0}"
H,beta1,beta2,small,out,out,"{'x': 638.0, 'y': 294.0}","{'x': 679.0, 'y': 232.0}"
H,beta1,beta2,small,out,out,"{'x': 638.0, 'y': 294.0}","{'x': 679.0, 'y': 232.0}"
H,beta1,beta4,small,out,out,"{'x': 304.0, 'y': 306.0}","{'x': 258.0, 'y': 245.0}"
H,beta1,beta4,small,out,out,"{'x': 304.0, 'y': 306.0}","{'x': 258.0, 'y': 245.0}"
H,beta1,beta4,small,out,out,"{'x': 304.0, 'y': 306.0}","{'x': 258.0, 'y': 245.0}"
H,beta1,beta4,small,out,out,"{'x': 304.0, 'y': 306.0}","{'x': 258.0, 'y': 245.0}"
H,beta2,beta3,large,in,in,"{'x': 641.0, 'y': 630.0}","{'x': 699.0, 'y': 671.0}"
H,beta2,beta3,large,in,in,"{'x': 641.0, 'y': 630.0}","{'x': 699.0, 'y': 671.0}"
H,beta2,beta3,large,in,in,"{'x': 641.0, 'y': 630.0}","{'x': 699.0, 'y': 671.0}"
H,beta2,beta3,large,in,in,"{'x': 641.0, 'y': 630.0}","{'x': 699.0, 'y': 671.0}"
H,beta2,beta1,large,in,in,"{'x': 641.0, 'y': 326.0}","{'x': 703.0, 'y': 285.0}"
H,beta2,beta1,large,in,in,"{'x': 641.0, 'y': 326.0}","{'x': 703.0, 'y': 285.0}"
H,beta2,beta1,large,in,in,"{'x': 641.0, 'y': 326.0}","{'x': 703.0, 'y': 285.0}"
H,beta2,beta1,large,in,in,"{'x': 641.0, 'y': 326.0}","{'x': 703.0, 'y': 285.0}"
H,beta2,beta3,large,out,out,"{'x': 641.0, 'y': 630.0}","{'x': 699.0, 'y': 671.0}"
H,beta2,beta3,large,out,out,"{'x': 641.0, 'y': 630.0}","{'x': 699.0, 'y': 671.0}"
H,beta2,beta3,large,out,out,"{'x': 641.0, 'y': 630.0}","{'x': 699.0, 'y': 671.0}"
H,beta2,beta3,large,out,out,"{'x': 641.0, 'y': 630.0}","{'x': 699.0, 'y': 671.0}"
H,beta2,beta1,large,out,out,"{'x': 641.0, 'y': 326.0}","{'x': 703.0, 'y': 285.0}"
H,beta2,beta1,large,out,out,"{'x': 641.0, 'y': 326.0}","{'x': 703.0, 'y': 285.0}"
H,beta2,beta1,large,out,out,"{'x': 641.0, 'y': 326.0}","{'x': 703.0, 'y': 285.0}"
H,beta2,beta1,large,out,out,"{'x': 641.0, 'y': 326.0}","{'x': 703.0, 'y': 285.0}"
H,beta2,beta3,small,in,in,"{'x': 641.0, 'y': 630.0}","{'x': 699.0, 'y': 671.0}"
H,beta2,beta3,small,in,in,"{'x': 641.0, 'y': 630.0}","{'x': 699.0, 'y': 671.0}"
H,beta2,beta3,small,in,in,"{'x': 641.0, 'y': 630.0}","{'x': 699.0, 'y': 671.0}"
H,beta2,beta3,small,in,in,"{'x': 641.0, 'y': 630.0}","{'x': 699.0, 'y': 671.0}"
H,beta2,beta1,small,in,in,"{'x': 641.0, 'y': 326.0}","{'x': 703.0, 'y': 285.0}"
H,beta2,beta1,small,in,in,"{'x': 641.0, 'y': 326.0}","{'x': 703.0, 'y': 285.0}"
H,beta2,beta1,small,in,in,"{'x': 641.0, 'y': 326.0}","{'x': 703.0, 'y': 285.0}"
H,beta2,beta1,small,in,in,"{'x': 641.0, 'y': 326.0}","{'x': 703.0, 'y': 285.0}"
H,beta2,beta3,small,out,out,"{'x': 641.0, 'y': 630.0}","{'x': 699.0, 'y': 671.0}"
H,beta2,beta3,small,out,out,"{'x': 641.0, 'y': 630.0}","{'x': 699.0, 'y': 671.0}"
H,beta2,beta3,small,out,out,"{'x': 641.0, 'y': 630.0}","{'x': 699.0, 'y': 671.0}"
H,beta2,beta3,small,out,out,"{'x': 641.0, 'y': 630.0}","{'x': 699.0, 'y': 671.0}"
H,beta2,beta1,small,out,out,"{'x': 641.0, 'y': 326.0}","{'x': 703.0, 'y': 285.0}"
H,beta2,beta1,small,out,out,"{'x': 641.0, 'y': 326.0}","{'x': 703.0, 'y': 285.0}"
H,beta2,beta1,small,out,out,"{'x': 641.0, 'y': 326.0}","{'x': 703.0, 'y': 285.0}"
H,beta2,beta1,small,out,out,"{'x': 641.0, 'y': 326.0}","{'x': 703.0, 'y': 285.0}"
H,beta3,beta4,large,in,in,"{'x': 283.91999999999996, 'y': 720.0799999999999}","{'x': 317.91999999999996, 'y': 652.0799999999999}"
H,beta3,beta4,large,in,in,"{'x': 283.91999999999996, 'y': 720.0799999999999}","{'x': 317.91999999999996, 'y': 652.0799999999999}"
H,beta3,beta4,large,in,in,"{'x': 283.91999999999996, 'y': 720.0799999999999}","{'x': 317.91999999999996, 'y': 652.0799999999999}"
H,beta3,beta4,large,in,in,"{'x': 283.91999999999996, 'y': 720.0799999999999}","{'x': 317.91999999999996, 'y': 652.0799999999999}"
H,beta3,beta2,large,in,in,"{'x': 643.0, 'y': 647.5}","{'x': 687.0, 'y': 715.5}"
H,beta3,beta2,large,in,in,"{'x': 643.0, 'y': 647.5}","{'x': 687.0, 'y': 715.5}"
H,beta3,beta2,large,in,in,"{'x': 643.0, 'y': 647.5}","{'x': 687.0, 'y': 715.5}"
H,beta3,beta2,large,in,in,"{'x': 643.0, 'y': 647.5}","{'x': 687.0, 'y': 715.5}"
H,beta3,beta4,large,out,out,"{'x': 283.91999999999996, 'y': 720.0799999999999}","{'x': 317.91999999999996, 'y': 652.0799999999999}"
H,beta3,beta4,large,out,out,"{'x': 283.91999999999996, 'y': 720.0799999999999}","{'x': 317.91999999999996, 'y': 652.0799999999999}"
H,beta3,beta4,large,out,out,"{'x': 283.91999999999996, 'y': 720.0799999999999}","{'x': 317.91999999999996, 'y': 652.0799999999999}"
H,beta3,beta4,large,out,out,"{'x': 283.91999999999996, 'y': 720.0799999999999}","{'x': 317.91999999999996, 'y': 652.0799999999999}"
H,beta3,beta2,large,out,out,"{'x': 643.0, 'y': 647.5}","{'x': 687.0, 'y': 715.5}"
H,beta3,beta2,large,out,out,"{'x': 643.0, 'y': 647.5}","{'x': 687.0, 'y': 715.5}"
H,beta3,beta2,large,out,out,"{'x': 643.0, 'y': 647.5}","{'x': 687.0, 'y': 715.5}"
H,beta3,beta2,large,out,out,"{'x': 643.0, 'y': 647.5}","{'x': 687.0, 'y': 715.5}"
H,beta3,beta4,small,in,in,"{'x': 283.91999999999996, 'y': 720.0799999999999}","{'x': 317.91999999999996, 'y': 652.0799999999999}"
H,beta3,beta4,small,in,in,"{'x': 283.91999999999996, 'y': 720.0799999999999}","{'x': 317.91999999999996, 'y': 652.0799999999999}"
H,beta3,beta4,small,in,in,"{'x': 283.91999999999996, 'y': 720.0799999999999}","{'x': 317.91999999999996, 'y': 652.0799999999999}"
H,beta3,beta4,small,in,in,"{'x': 283.91999999999996, 'y': 720.0799999999999}","{'x': 317.91999999999996, 'y': 652.0799999999999}"
H,beta3,beta2,small,in,in,"{'x': 643.0, 'y': 647.5}","{'x': 687.0, 'y': 715.5}"
H,beta3,beta2,small,in,in,"{'x': 643.0, 'y': 647.5}","{'x': 687.0, 'y': 715.5}"
H,beta3,beta2,small,in,in,"{'x': 643.0, 'y': 647.5}","{'x': 687.0, 'y': 715.5}"
H,beta3,beta2,small,in,in,"{'x': 643.0, 'y': 647.5}","{'x': 687.0, 'y': 715.5}"
H,beta3,beta4,small,out,out,"{'x': 283.91999999999996, 'y': 720.0799999999999}","{'x': 317.91999999999996, 'y': 652.0799999999999}"
H,beta3,beta4,small,out,out,"{'x': 283.91999999999996, 'y': 720.0799999999999}","{'x': 317.91999999999996, 'y': 652.0799999999999}"
H,beta3,beta4,small,out,out,"{'x': 283.91999999999996, 'y': 720.0799999999999}","{'x': 317.91999999999996, 'y': 652.0799999999999}"
H,beta3,beta4,small,out,out,"{'x': 283.91999999999996, 'y': 720.0799999999999}","{'x': 317.91999999999996, 'y': 652.0799999999999}"
H,beta3,beta2,small,out,out,"{'x': 643.0, 'y': 647.5}","{'x': 687.0, 'y': 715.5}"
H,beta3,beta2,small,out,out,"{'x': 643.0, 'y': 647.5}","{'x': 687.0, 'y': 715.5}"
H,beta3,beta2,small,out,out,"{'x': 643.0, 'y': 647.5}","{'x': 687.0, 'y': 715.5}"
H,beta3,beta2,small,out,out,"{'x': 643.0, 'y': 647.5}","{'x': 687.0, 'y': 715.5}"
H,beta4,beta1,large,in,in,"{'x': 299.0, 'y': 320.0}","{'x': 244.0, 'y': 266.0}"
H,beta4,beta1,large,in,in,"{'x': 299.0, 'y': 320.0}","{'x': 244.0, 'y': 266.0}"
H,beta4,beta1,large,in,in,"{'x': 299.0, 'y': 320.0}","{'x': 244.0, 'y': 266.0}"
H,beta4,beta1,large,in,in,"{'x': 299.0, 'y': 320.0}","{'x': 244.0, 'y': 266.0}"
H,beta4,beta3,large,in,in,"{'x': 252.0, 'y': 681.0}","{'x': 308.0, 'y': 639.0}"
H,beta4,beta3,large,in,in,"{'x': 252.0, 'y': 681.0}","{'x': 308.0, 'y': 639.0}"
H,beta4,beta3,large,in,in,"{'x': 252.0, 'y': 681.0}","{'x': 308.0, 'y': 639.0}"
H,beta4,beta3,large,in,in,"{'x': 252.0, 'y': 681.0}","{'x': 308.0, 'y': 639.0}"
H,beta4,beta1,large,out,out,"{'x': 299.0, 'y': 320.0}","{'x': 244.0, 'y': 266.0}"
H,beta4,beta1,large,out,out,"{'x': 299.0, 'y': 320.0}","{'x': 244.0, 'y': 266.0}"
H,beta4,beta1,large,out,out,"{'x': 299.0, 'y': 320.0}","{'x': 244.0, 'y': 266.0}"
H,beta4,beta1,large,out,out,"{'x': 299.0, 'y': 320.0}","{'x': 244.0, 'y': 266.0}"
H,beta4,beta3,large,out,out,"{'x': 252.0, 'y': 681.0}","{'x': 308.0, 'y': 639.0}"
H,beta4,beta3,large,out,out,"{'x': 252.0, 'y': 681.0}","{'x': 308.0, 'y': 639.0}"
H,beta4,beta3,large,out,out,"{'x': 252.0, 'y': 681.0}","{'x': 308.0, 'y': 639.0}"
H,beta4,beta3,large,out,out,"{'x': 252.0, 'y': 681.0}","{'x': 308.0, 'y': 639.0}"
H,beta4,beta1,small,in,in,"{'x': 299.0, 'y': 320.0}","{'x': 244.0, 'y': 266.0}"
H,beta4,beta1,small,in,in,"{'x': 299.0, 'y': 320.0}","{'x': 244.0, 'y': 266.0}"
H,beta4,beta1,small,in,in,"{'x': 299.0, 'y': 320.0}","{'x': 244.0, 'y': 266.0}"
H,beta4,beta1,small,in,in,"{'x': 299.0, 'y': 320.0}","{'x': 244.0, 'y': 266.0}"
H,beta4,beta3,small,in,in,"{'x': 252.0, 'y': 681.0}","{'x': 308.0, 'y': 639.0}"
H,beta4,beta3,small,in,in,"{'x': 252.0, 'y': 681.0}","{'x': 308.0, 'y': 639.0}"
H,beta4,beta3,small,in,in,"{'x': 252.0, 'y': 681.0}","{'x': 308.0, 'y': 639.0}"
H,beta4,beta3,small,in,in,"{'x': 252.0, 'y': 681.0}","{'x': 308.0, 'y': 639.0}"
H,beta4,beta1,small,out,out,"{'x': 299.0, 'y': 320.0}","{'x': 244.0, 'y': 266.0}"
H,beta4,beta1,small,out,out,"{'x': 299.0, 'y': 320.0}","{'x': 244.0, 'y': 266.0}"
H,beta4,beta1,small,out,out,"{'x': 299.0, 'y': 320.0}","{'x': 244.0, 'y': 266.0}"
H,beta4,beta1,small,out,out,"{'x': 299.0, 'y': 320.0}","{'x': 244.0, 'y': 266.0}"
H,beta4,beta3,small,out,out,"{'x': 252.0, 'y': 681.0}","{'x': 308.0, 'y': 639.0}"
H,beta4,beta3,small,out,out,"{'x': 252.0, 'y': 681.0}","{'x': 308.0, 'y': 639.0}"
H,beta4,beta3,small,out,out,"{'x': 252.0, 'y': 681.0}","{'x': 308.0, 'y': 639.0}"
H,beta4,beta3,small,out,out,"{'x': 252.0, 'y': 681.0}","{'x': 308.0, 'y': 639.0}"
I,beta1,beta2,large,in,in,"{'x': 633.0, 'y': 304.0}","{'x': 680.0, 'y': 267.0}"
I,beta1,beta2,large,in,in,"{'x': 665.0, 'y': 263.0}","{'x': 623.0, 'y': 300.0}"
I,beta1,beta2,large,in,in,"{'x': 633.0, 'y': 304.0}","{'x': 680.0, 'y': 267.0}"
I,beta1,beta2,large,in,in,"{'x': 665.0, 'y': 263.0}","{'x': 623.0, 'y': 300.0}"
I,beta1,beta2,large,in,in,"{'x': 633.0, 'y': 304.0}","{'x': 680.0, 'y': 267.0}"
I,beta1,beta2,large,in,in,"{'x': 665.0, 'y': 263.0}","{'x': 623.0, 'y': 300.0}"
I,beta1,beta2,large,in,in,"{'x': 633.0, 'y': 304.0}","{'x': 680.0, 'y': 267.0}"
I,beta1,beta2,large,in,in,"{'x': 665.0, 'y': 263.0}","{'x': 623.0, 'y': 300.0}"
I,beta1,beta4,large,in,in,"{'x': 318.0, 'y': 299.0}","{'x': 278.0, 'y': 255.0}"
I,beta1,beta4,large,in,in,"{'x': 280.0, 'y': 255.0}","{'x': 323.0, 'y': 302.0}"
I,beta1,beta4,large,in,in,"{'x': 318.0, 'y': 299.0}","{'x': 278.0, 'y': 255.0}"
I,beta1,beta4,large,in,in,"{'x': 280.0, 'y': 255.0}","{'x': 323.0, 'y': 302.0}"
I,beta1,beta4,large,in,in,"{'x': 318.0, 'y': 299.0}","{'x': 278.0, 'y': 255.0}"
I,beta1,beta4,large,in,in,"{'x': 280.0, 'y': 255.0}","{'x': 323.0, 'y': 302.0}"
I,beta1,beta4,large,in,in,"{'x': 318.0, 'y': 299.0}","{'x': 278.0, 'y': 255.0}"
I,beta1,beta4,large,in,in,"{'x': 280.0, 'y': 255.0}","{'x': 323.0, 'y': 302.0}"
I,beta1,beta2,large,out,out,"{'x': 633.0, 'y': 304.0}","{'x': 680.0, 'y': 267.0}"
I,beta1,beta2,large,out,out,"{'x': 665.0, 'y': 263.0}","{'x': 623.0, 'y': 300.0}"
I,beta1,beta2,large,out,out,"{'x': 633.0, 'y': 304.0}","{'x': 680.0, 'y': 267.0}"
I,beta1,beta2,large,out,out,"{'x': 665.0, 'y': 263.0}","{'x': 623.0, 'y': 300.0}"
I,beta1,beta2,large,out,out,"{'x': 633.0, 'y': 304.0}","{'x': 680.0, 'y': 267.0}"
I,beta1,beta2,large,out,out,"{'x': 665.0, 'y': 263.0}","{'x': 623.0, 'y': 300.0}"
I,beta1,beta2,large,out,out,"{'x': 633.0, 'y': 304.0}","{'x': 680.0, 'y': 267.0}"
I,beta1,beta2,large,out,out,"{'x': 665.0, 'y': 263.0}","{'x': 623.0, 'y': 300.0}"
I,beta1,beta4,large,out,out,"{'x': 318.0, 'y': 299.0}","{'x': 278.0, 'y': 255.0}"
I,beta1,beta4,large,out,out,"{'x': 280.0, 'y': 255.0}","{'x': 323.0, 'y': 302.0}"
I,beta1,beta4,large,out,out,"{'x': 318.0, 'y': 299.0}","{'x': 278.0, 'y': 255.0}"
I,beta1,beta4,large,out,out,"{'x': 280.0, 'y': 255.0}","{'x': 323.0, 'y': 302.0}"
I,beta1,beta4,large,out,out,"{'x': 318.0, 'y': 299.0}","{'x': 278.0, 'y': 255.0}"
I,beta1,beta4,large,out,out,"{'x': 280.0, 'y': 255.0}","{'x': 323.0, 'y': 302.0}"
I,beta1,beta4,large,out,out,"{'x': 318.0, 'y': 299.0}","{'x': 278.0, 'y': 255.0}"
I,beta1,beta4,large,out,out,"{'x': 280.0, 'y': 255.0}","{'x': 323.0, 'y': 302.0}"
I,beta1,beta2,small,in,in,"{'x': 633.0, 'y': 304.0}","{'x': 680.0, 'y': 267.0}"
I,beta1,beta2,small,in,in,"{'x': 665.0, 'y': 263.0}","{'x': 623.0, 'y': 300.0}"
I,beta1,beta2,small,in,in,"{'x': 633.0, 'y': 304.0}","{'x': 680.0, 'y': 267.0}"
I,beta1,beta2,small,in,in,"{'x': 665.0, 'y': 263.0}","{'x': 623.0, 'y': 300.0}"
I,beta1,beta2,small,in,in,"{'x': 633.0, 'y': 304.0}","{'x': 680.0, 'y': 267.0}"
I,beta1,beta2,small,in,in,"{'x': 665.0, 'y': 263.0}","{'x': 623.0, 'y': 300.0}"
I,beta1,beta2,small,in,in,"{'x': 633.0, 'y': 304.0}","{'x': 680.0, 'y': 267.0}"
I,beta1,beta2,small,in,in,"{'x': 665.0, 'y': 263.0}","{'x': 623.0, 'y': 300.0}"
I,beta1,beta4,small,in,in,"{'x': 318.0, 'y': 299.0}","{'x': 278.0, 'y': 255.0}"
I,beta1,beta4,small,in,in,"{'x': 280.0, 'y': 255.0}","{'x': 323.0, 'y': 302.0}"
I,beta1,beta4,small,in,in,"{'x': 318.0, 'y': 299.0}","{'x': 278.0, 'y': 255.0}"
I,beta1,beta4,small,in,in,"{'x': 280.0, 'y': 255.0}","{'x': 323.0, 'y': 302.0}"
I,beta1,beta4,small,in,in,"{'x': 318.0, 'y': 299.0}","{'x': 278.0, 'y': 255.0}"
I,beta1,beta4,small,in,in,"{'x': 280.0, 'y': 255.0}","{'x': 323.0, 'y': 302.0}"
I,beta1,beta4,small,in,in,"{'x': 318.0, 'y': 299.0}","{'x': 278.0, 'y': 255.0}"
I,beta1,beta4,small,in,in,"{'x': 280.0, 'y': 255.0}","{'x': 323.0, 'y': 302.0}"
I,beta1,beta2,small,out,out,"{'x': 633.0, 'y': 304.0}","{'x': 680.0, 'y': 267.0}"
I,beta1,beta2,small,out,out,"{'x': 665.0, 'y': 263.0}","{'x': 623.0, 'y': 300.0}"
I,beta1,beta2,small,out,out,"{'x': 633.0, 'y': 304.0}","{'x': 680.0, 'y': 267.0}"
I,beta1,beta2,small,out,out,"{'x': 665.0, 'y': 263.0}","{'x': 623.0, 'y': 300.0}"
I,beta1,beta2,small,out,out,"{'x': 633.0, 'y': 304.0}","{'x': 680.0, 'y': 267.0}"
I,beta1,beta2,small,out,out,"{'x': 665.0, 'y': 263.0}","{'x': 623.0, 'y': 300.0}"
I,beta1,beta2,small,out,out,"{'x': 633.0, 'y': 304.0}","{'x': 680.0, 'y': 267.0}"
I,beta1,beta2,small,out,out,"{'x': 665.0, 'y': 263.0}","{'x': 623.0, 'y': 300.0}"
I,beta1,beta4,small,out,out,"{'x': 318.0, 'y': 299.0}","{'x': 278.0, 'y': 255.0}"
I,beta1,beta4,small,out,out,"{'x': 280.0, 'y': 255.0}","{'x': 323.0, 'y': 302.0}"
I,beta1,beta4,small,out,out,"{'x': 318.0, 'y': 299.0}","{'x': 278.0, 'y': 255.0}"
I,beta1,beta4,small,out,out,"{'x': 280.0, 'y': 255.0}","{'x': 323.0, 'y': 302.0}"
I,beta1,beta4,small,out,out,"{'x': 318.0, 'y': 299.0}","{'x': 278.0, 'y': 255.0}"
I,beta1,beta4,small,out,out,"{'x': 280.0, 'y': 255.0}","{'x': 323.0, 'y': 302.0}"
I,beta1,beta4,small,out,out,"{'x': 318.0, 'y': 299.0}","{'x': 278.0, 'y': 255.0}"
I,beta1,beta4,small,out,out,"{'x': 280.0, 'y': 255.0}","{'x': 323.0, 'y': 302.0}"
I,beta2,beta3,large,in,in,"{'x': 641.0, 'y': 630.0}","{'x': 688.0, 'y': 660.0}"
I,beta2,beta3,large,in,in,"{'x': 680.0, 'y': 678.0}","{'x': 648.0, 'y': 629.0}"
I,beta2,beta3,large,in,in,"{'x': 641.0, 'y': 630.0}","{'x': 688.0, 'y': 660.0}"
I,beta2,beta3,large,in,in,"{'x': 680.0, 'y': 678.0}","{'x': 648.0, 'y': 629.0}"
I,beta2,beta3,large,in,in,"{'x': 641.0, 'y': 630.0}","{'x': 688.0, 'y': 660.0}"
I,beta2,beta3,large,in,in,"{'x': 680.0, 'y': 678.0}","{'x': 648.0, 'y': 629.0}"
I,beta2,beta3,large,in,in,"{'x': 641.0, 'y': 630.0}","{'x': 688.0, 'y': 660.0}"
I,beta2,beta3,large,in,in,"{'x': 680.0, 'y': 678.0}","{'x': 648.0, 'y': 629.0}"
I,beta2,beta1,large,in,in,"{'x': 648.5, 'y': 326.0}","{'x': 684.5, 'y': 280.0}"
I,beta2,beta1,large,in,in,"{'x': 683.0, 'y': 282.0}","{'x': 645.0, 'y': 328.0}"
I,beta2,beta1,large,in,in,"{'x': 648.5, 'y': 326.0}","{'x': 684.5, 'y': 280.0}"
I,beta2,beta1,large,in,in,"{'x': 683.0, 'y': 282.0}","{'x': 645.0, 'y': 328.0}"
I,beta2,beta1,large,in,in,"{'x': 648.5, 'y': 326.0}","{'x': 684.5, 'y': 280.0}"
I,beta2,beta1,large,in,in,"{'x': 683.0, 'y': 282.0}","{'x': 645.0, 'y': 328.0}"
I,beta2,beta1,large,in,in,"{'x': 648.5, 'y': 326.0}","{'x': 684.5, 'y': 280.0}"
I,beta2,beta1,large,in,in,"{'x': 683.0, 'y': 282.0}","{'x': 645.0, 'y': 328.0}"
I,beta2,beta3,large,out,out,"{'x': 641.0, 'y': 630.0}","{'x': 688.0, 'y': 660.0}"
I,beta2,beta3,large,out,out,"{'x': 680.0, 'y': 678.0}","{'x': 648.0, 'y': 629.0}"
I,beta2,beta3,large,out,out,"{'x': 641.0, 'y': 630.0}","{'x': 688.0, 'y': 660.0}"
I,beta2,beta3,large,out,out,"{'x': 680.0, 'y': 678.0}","{'x': 648.0, 'y': 629.0}"
I,beta2,beta3,large,out,out,"{'x': 641.0, 'y': 630.0}","{'x': 688.0, 'y': 660.0}"
I,beta2,beta3,large,out,out,"{'x': 680.0, 'y': 678.0}","{'x': 648.0, 'y': 629.0}"
I,beta2,beta3,large,out,out,"{'x': 641.0, 'y': 630.0}","{'x': 688.0, 'y': 660.0}"
I,beta2,beta3,large,out,out,"{'x': 680.0, 'y': 678.0}","{'x': 648.0, 'y': 629.0}"
I,beta2,beta1,large,out,out,"{'x': 648.5, 'y': 326.0}","{'x': 684.5, 'y': 280.0}"
I,beta2,beta1,large,out,out,"{'x': 683.0, 'y': 282.0}","{'x': 645.0, 'y': 328.0}"
I,beta2,beta1,large,out,out,"{'x': 648.5, 'y': 326.0}","{'x': 684.5, 'y': 280.0}"
I,beta2,beta1,large,out,out,"{'x': 683.0, 'y': 282.0}","{'x': 645.0, 'y': 328.0}"
I,beta2,beta1,large,out,out,"{'x': 648.5, 'y': 326.0}","{'x': 684.5, 'y': 280.0}"
I,beta2,beta1,large,out,out,"{'x': 683.0, 'y': 282.0}","{'x': 645.0, 'y': 328.0}"
I,beta2,beta1,large,out,out,"{'x': 648.5, 'y': 326.0}","{'x': 684.5, 'y': 280.0}"
I,beta2,beta1,large,out,out,"{'x': 683.0, 'y': 282.0}","{'x': 645.0, 'y': 328.0}"
I,beta2,beta3,small,in,in,"{'x': 641.0, 'y': 630.0}","{'x': 688.0, 'y': 660.0}"
I,beta2,beta3,small,in,in,"{'x': 680.0, 'y': 678.0}","{'x': 648.0, 'y': 629.0}"
I,beta2,beta3,small,in,in,"{'x': 641.0, 'y': 630.0}","{'x': 688.0, 'y': 660.0}"
I,beta2,beta3,small,in,in,"{'x': 680.0, 'y': 678.0}","{'x': 648.0, 'y': 629.0}"
I,beta2,beta3,small,in,in,"{'x': 641.0, 'y': 630.0}","{'x': 688.0, 'y': 660.0}"
I,beta2,beta3,small,in,in,"{'x': 680.0, 'y': 678.0}","{'x': 648.0, 'y': 629.0}"
I,beta2,beta3,small,in,in,"{'x': 641.0, 'y': 630.0}","{'x': 688.0, 'y': 660.0}"
I,beta2,beta3,small,in,in,"{'x': 680.0, 'y': 678.0}","{'x': 648.0, 'y': 629.0}"
I,beta2,beta1,small,in,in,"{'x': 648.5, 'y': 326.0}","{'x': 684.5, 'y': 280.0}"
I,beta2,beta1,small,in,in,"{'x': 683.0, 'y': 282.0}","{'x': 645.0, 'y': 328.0}"
I,beta2,beta1,small,in,in,"{'x': 648.5, 'y': 326.0}","{'x': 684.5, 'y': 280.0}"
I,beta2,beta1,small,in,in,"{'x': 683.0, 'y': 282.0}","{'x': 645.0, 'y': 328.0}"
I,beta2,beta1,small,in,in,"{'x': 648.5, 'y': 326.0}","{'x': 684.5, 'y': 280.0}"
I,beta2,beta1,small,in,in,"{'x': 683.0, 'y': 282.0}","{'x': 645.0, 'y': 328.0}"
I,beta2,beta1,small,in,in,"{'x': 648.5, 'y': 326.0}","{'x': 684.5, 'y': 280.0}"
I,beta2,beta1,small,in,in,"{'x': 683.0, 'y': 282.0}","{'x': 645.0, 'y': 328.0}"
I,beta2,beta3,small,out,out,"{'x': 641.0, 'y': 630.0}","{'x': 688.0, 'y': 660.0}"
I,beta2,beta3,small,out,out,"{'x': 680.0, 'y': 678.0}","{'x': 648.0, 'y': 629.0}"
I,beta2,beta3,small,out,out,"{'x': 641.0, 'y': 630.0}","{'x': 688.0, 'y': 660.0}"
I,beta2,beta3,small,out,out,"{'x': 680.0, 'y': 678.0}","{'x': 648.0, 'y': 629.0}"
I,beta2,beta3,small,out,out,"{'x': 641.0, 'y': 630.0}","{'x': 688.0, 'y': 660.0}"
I,beta2,beta3,small,out,out,"{'x': 680.0, 'y': 678.0}","{'x': 648.0, 'y': 629.0}"
I,beta2,beta3,small,out,out,"{'x': 641.0, 'y': 630.0}","{'x': 688.0, 'y': 660.0}"
I,beta2,beta3,small,out,out,"{'x': 680.0, 'y': 678.0}","{'x': 648.0, 'y': 629.0}"
I,beta2,beta1,small,out,out,"{'x': 648.5, 'y': 326.0}","{'x': 684.5, 'y': 280.0}"
I,beta2,beta1,small,out,out,"{'x': 683.0, 'y': 282.0}","{'x': 645.0, 'y': 328.0}"
I,beta2,beta1,small,out,out,"{'x': 648.5, 'y': 326.0}","{'x': 684.5, 'y': 280.0}"
I,beta2,beta1,small,out,out,"{'x': 683.0, 'y': 282.0}","{'x': 645.0, 'y': 328.0}"
I,beta2,beta1,small,out,out,"{'x': 648.5, 'y': 326.0}","{'x': 684.5, 'y': 280.0}"
I,beta2,beta1,small,out,out,"{'x': 683.0, 'y': 282.0}","{'x': 645.0, 'y': 328.0}"
I,beta2,beta1,small,out,out,"{'x': 648.5, 'y': 326.0}","{'x': 684.5, 'y': 280.0}"
I,beta2,beta1,small,out,out,"{'x': 683.0, 'y': 282.0}","{'x': 645.0, 'y': 328.0}"
I,beta3,beta4,large,in,in,"{'x': 316.0, 'y': 648.0}","{'x': 272.0, 'y': 683.0}"
I,beta3,beta4,large,in,in,"{'x': 272.0, 'y': 683.0}","{'x': 316.0, 'y': 648.0}"
I,beta3,beta4,large,in,in,"{'x': 316.0, 'y': 648.0}","{'x': 272.0, 'y': 683.0}"
I,beta3,beta4,large,in,in,"{'x': 272.0, 'y': 683.0}","{'x': 316.0, 'y': 648.0}"
I,beta3,beta4,large,in,in,"{'x': 316.0, 'y': 648.0}","{'x': 272.0, 'y': 683.0}"
I,beta3,beta4,large,in,in,"{'x': 272.0, 'y': 683.0}","{'x': 316.0, 'y': 648.0}"
I,beta3,beta4,large,in,in,"{'x': 316.0, 'y': 648.0}","{'x': 272.0, 'y': 683.0}"
I,beta3,beta4,large,in,in,"{'x': 272.0, 'y': 683.0}","{'x': 316.0, 'y': 648.0}"
I,beta3,beta2,large,in,in,"{'x': 623.0, 'y': 640.0}","{'x': 660.0, 'y': 686.0}"
I,beta3,beta2,large,in,in,"{'x': 665.0, 'y': 699.0}","{'x': 631.0, 'y': 648.0}"
I,beta3,beta2,large,in,in,"{'x': 623.0, 'y': 640.0}","{'x': 660.0, 'y': 686.0}"
I,beta3,beta2,large,in,in,"{'x': 665.0, 'y': 699.0}","{'x': 631.0, 'y': 648.0}"
I,beta3,beta2,large,in,in,"{'x': 623.0, 'y': 640.0}","{'x': 660.0, 'y': 686.0}"
I,beta3,beta2,large,in,in,"{'x': 665.0, 'y': 699.0}","{'x': 631.0, 'y': 648.0}"
I,beta3,beta2,large,in,in,"{'x': 623.0, 'y': 640.0}","{'x': 660.0, 'y': 686.0}"
I,beta3,beta2,large,in,in,"{'x': 665.0, 'y': 699.0}","{'x': 631.0, 'y': 648.0}"
I,beta3,beta4,large,out,out,"{'x': 316.0, 'y': 648.0}","{'x': 272.0, 'y': 683.0}"
I,beta3,beta4,large,out,out,"{'x': 272.0, 'y': 683.0}","{'x': 316.0, 'y': 648.0}"
I,beta3,beta4,large,out,out,"{'x': 316.0, 'y': 648.0}","{'x': 272.0, 'y': 683.0}"
I,beta3,beta4,large,out,out,"{'x': 272.0, 'y': 683.0}","{'x': 316.0, 'y': 648.0}"
I,beta3,beta4,large,out,out,"{'x': 316.0, 'y': 648.0}","{'x': 272.0, 'y': 683.0}"
I,beta3,beta4,large,out,out,"{'x': 272.0, 'y': 683.0}","{'x': 316.0, 'y': 648.0}"
I,beta3,beta4,large,out,out,"{'x': 316.0, 'y': 648.0}","{'x': 272.0, 'y': 683.0}"
I,beta3,beta4,large,out,out,"{'x': 272.0, 'y': 683.0}","{'x': 316.0, 'y': 648.0}"
I,beta3,beta2,large,out,out,"{'x': 623.0, 'y': 640.0}","{'x': 660.0, 'y': 686.0}"
I,beta3,beta2,large,out,out,"{'x': 665.0, 'y': 699.0}","{'x': 631.0, 'y': 648.0}"
I,beta3,beta2,large,out,out,"{'x': 623.0, 'y': 640.0}","{'x': 660.0, 'y': 686.0}"
I,beta3,beta2,large,out,out,"{'x': 665.0, 'y': 699.0}","{'x': 631.0, 'y': 648.0}"
I,beta3,beta2,large,out,out,"{'x': 623.0, 'y': 640.0}","{'x': 660.0, 'y': 686.0}"
I,beta3,beta2,large,out,out,"{'x': 665.0, 'y': 699.0}","{'x': 631.0, 'y': 648.0}"
I,beta3,beta2,large,out,out,"{'x': 623.0, 'y': 640.0}","{'x': 660.0, 'y': 686.0}"
I,beta3,beta2,large,out,out,"{'x': 665.0, 'y': 699.0}","{'x': 631.0, 'y': 648.0}"
I,beta3,beta4,small,in,in,"{'x': 316.0, 'y': 648.0}","{'x': 272.0, 'y': 683.0}"
I,beta3,beta4,small,in,in,"{'x': 272.0, 'y': 683.0}","{'x': 316.0, 'y': 648.0}"
I,beta3,beta4,small,in,in,"{'x': 316.0, 'y': 648.0}","{'x': 272.0, 'y': 683.0}"
I,beta3,beta4,small,in,in,"{'x': 272.0, 'y': 683.0}","{'x': 316.0, 'y': 648.0}"
I,beta3,beta4,small,in,in,"{'x': 316.0, 'y': 648.0}","{'x': 272.0, 'y': 683.0}"
I,beta3,beta4,small,in,in,"{'x': 272.0, 'y': 683.0}","{'x': 316.0, 'y': 648.0}"
I,beta3,beta4,small,in,in,"{'x': 316.0, 'y': 648.0}","{'x': 272.0, 'y': 683.0}"
I,beta3,beta4,small,in,in,"{'x': 272.0, 'y': 683.0}","{'x': 316.0, 'y': 648.0}"
I,beta3,beta2,small,in,in,"{'x': 623.0, 'y': 640.0}","{'x': 660.0, 'y': 686.0}"
I,beta3,beta2,small,in,in,"{'x': 665.0, 'y': 699.0}","{'x': 631.0, 'y': 648.0}"
I,beta3,beta2,small,in,in,"{'x': 623.0, 'y': 640.0}","{'x': 660.0, 'y': 686.0}"
I,beta3,beta2,small,in,in,"{'x': 665.0, 'y': 699.0}","{'x': 631.0, 'y': 648.0}"
I,beta3,beta2,small,in,in,"{'x': 623.0, 'y': 640.0}","{'x': 660.0, 'y': 686.0}"
I,beta3,beta2,small,in,in,"{'x': 665.0, 'y': 699.0}","{'x': 631.0, 'y': 648.0}"
I,beta3,beta2,small,in,in,"{'x': 623.0, 'y': 640.0}","{'x': 660.0, 'y': 686.0}"
I,beta3,beta2,small,in,in,"{'x': 665.0, 'y': 699.0}","{'x': 631.0, 'y': 648.0}"
I,beta3,beta4,small,out,out,"{'x': 316.0, 'y': 648.0}","{'x': 272.0, 'y': 683.0}"
I,beta3,beta4,small,out,out,"{'x': 272.0, 'y': 683.0}","{'x': 316.0, 'y': 648.0}"
I,beta3,beta4,small,out,out,"{'x': 316.0, 'y': 648.0}","{'x': 272.0, 'y': 683.0}"
I,beta3,beta4,small,out,out,"{'x': 272.0, 'y': 683.0}","{'x': 316.0, 'y': 648.0}"
I,beta3,beta4,small,out,out,"{'x': 316.0, 'y': 648.0}","{'x': 272.0, 'y': 683.0}"
I,beta3,beta4,small,out,out,"{'x': 272.0, 'y': 683.0}","{'x': 316.0, 'y': 648.0}"
I,beta3,beta4,small,out,out,"{'x': 316.0, 'y': 648.0}","{'x': 272.0, 'y': 683.0}"
I,beta3,beta4,small,out,out,"{'x': 272.0, 'y': 683.0}","{'x': 316.0, 'y': 648.0}"
I,beta3,beta2,small,out,out,"{'x': 623.0, 'y': 640.0}","{'x': 660.0, 'y': 686.0}"
I,beta3,beta2,small,out,out,"{'x': 665.0, 'y': 699.0}","{'x': 631.0, 'y': 648.0}"
I,beta3,beta2,small,out,out,"{'x': 623.0, 'y': 640.0}","{'x': 660.0, 'y': 686.0}"
I,beta3,beta2,small,out,out,"{'x': 665.0, 'y': 699.0}","{'x': 631.0, 'y': 648.0}"
I,beta3,beta2,small,out,out,"{'x': 623.0, 'y': 640.0}","{'x': 660.0, 'y': 686.0}"
I,beta3,beta2,small,out,out,"{'x': 665.0, 'y': 699.0}","{'x': 631.0, 'y': 648.0}"
I,beta3,beta2,small,out,out,"{'x': 623.0, 'y': 640.0}","{'x': 660.0, 'y': 686.0}"
I,beta3,beta2,small,out,out,"{'x': 665.0, 'y': 699.0}","{'x': 631.0, 'y': 648.0}"
I,beta4,beta1,large,in,in,"{'x': 298.0, 'y': 315.0}","{'x': 263.0, 'y': 268.0}"
I,beta4,beta1,large,in,in,"{'x': 263.0, 'y': 268.0}","{'x': 298.0, 'y': 315.0}"
I,beta4,beta1,large,in,in,"{'x': 298.0, 'y': 315.0}","{'x': 263.0, 'y': 268.0}"
I,beta4,beta1,large,in,in,"{'x': 263.0, 'y': 268.0}","{'x': 298.0, 'y': 315.0}"
I,beta4,beta1,large,in,in,"{'x': 298.0, 'y': 315.0}","{'x': 263.0, 'y': 268.0}"
I,beta4,beta1,large,in,in,"{'x': 263.0, 'y': 268.0}","{'x': 298.0, 'y': 315.0}"
I,beta4,beta1,large,in,in,"{'x': 298.0, 'y': 315.0}","{'x': 263.0, 'y': 268.0}"
I,beta4,beta1,large,in,in,"{'x': 263.0, 'y': 268.0}","{'x': 298.0, 'y': 315.0}"
I,beta4,beta3,large,in,in,"{'x': 299.0, 'y': 619.0}","{'x': 260.0, 'y': 662.0}"
I,beta4,beta3,large,in,in,"{'x': 263.0, 'y': 670.0}","{'x': 300.0, 'y': 621.0}"
I,beta4,beta3,large,in,in,"{'x': 299.0, 'y': 619.0}","{'x': 260.0, 'y': 662.0}"
I,beta4,beta3,large,in,in,"{'x': 263.0, 'y': 670.0}","{'x': 300.0, 'y': 621.0}"
I,beta4,beta3,large,in,in,"{'x': 299.0, 'y': 619.0}","{'x': 260.0, 'y': 662.0}"
I,beta4,beta3,large,in,in,"{'x': 263.0, 'y': 670.0}","{'x': 300.0, 'y': 621.0}"
I,beta4,beta3,large,in,in,"{'x': 299.0, 'y': 619.0}","{'x': 260.0, 'y': 662.0}"
I,beta4,beta3,large,in,in,"{'x': 263.0, 'y': 670.0}","{'x': 300.0, 'y': 621.0}"
I,beta4,beta1,large,out,out,"{'x': 298.0, 'y': 315.0}","{'x': 263.0, 'y': 268.0}"
I,beta4,beta1,large,out,out,"{'x': 263.0, 'y': 268.0}","{'x': 298.0, 'y': 315.0}"
I,beta4,beta1,large,out,out,"{'x': 298.0, 'y': 315.0}","{'x': 263.0, 'y': 268.0}"
I,beta4,beta1,large,out,out,"{'x': 263.0, 'y': 268.0}","{'x': 298.0, 'y': 315.0}"
I,beta4,beta1,large,out,out,"{'x': 298.0, 'y': 315.0}","{'x': 263.0, 'y': 268.0}"
I,beta4,beta1,large,out,out,"{'x': 263.0, 'y': 268.0}","{'x': 298.0, 'y': 315.0}"
I,beta4,beta1,large,out,out,"{'x': 298.0, 'y': 315.0}","{'x': 263.0, 'y': 268.0}"
I,beta4,beta1,large,out,out,"{'x': 263.0, 'y': 268.0}","{'x': 298.0, 'y': 315.0}"
I,beta4,beta3,large,out,out,"{'x': 299.0, 'y': 619.0}","{'x': 260.0, 'y': 662.0}"
I,beta4,beta3,large,out,out,"{'x': 263.0, 'y': 670.0}","{'x': 300.0, 'y': 621.0}"
I,beta4,beta3,large,out,out,"{'x': 299.0, 'y': 619.0}","{'x': 260.0, 'y': 662.0}"
I,beta4,beta3,large,out,out,"{'x': 263.0, 'y': 670.0}","{'x': 300.0, 'y': 621.0}"
I,beta4,beta3,large,out,out,"{'x': 299.0, 'y': 619.0}","{'x': 260.0, 'y': 662.0}"
I,beta4,beta3,large,out,out,"{'x': 263.0, 'y': 670.0}","{'x': 300.0, 'y': 621.0}"
I,beta4,beta3,large,out,out,"{'x': 299.0, 'y': 619.0}","{'x': 260.0, 'y': 662.0}"
I,beta4,beta3,large,out,out,"{'x': 263.0, 'y': 670.0}","{'x': 300.0, 'y': 621.0}"
I,beta4,beta1,small,in,in,"{'x': 298.0, 'y': 315.0}","{'x': 263.0, 'y': 268.0}"
I,beta4,beta1,small,in,in,"{'x': 263.0, 'y': 268.0}","{'x': 298.0, 'y': 315.0}"
I,beta4,beta1,small,in,in,"{'x': 298.0, 'y': 315.0}","{'x': 263.0, 'y': 268.0}"
I,beta4,beta1,small,in,in,"{'x': 263.0, 'y': 268.0}","{'x': 298.0, 'y': 315.0}"
I,beta4,beta1,small,in,in,"{'x': 298.0, 'y': 315.0}","{'x': 263.0, 'y': 268.0}"
I,beta4,beta1,small,in,in,"{'x': 263.0, 'y': 268.0}","{'x': 298.0, 'y': 315.0}"
I,beta4,beta1,small,in,in,"{'x': 298.0, 'y': 315.0}","{'x': 263.0, 'y': 268.0}"
I,beta4,beta1,small,in,in,"{'x': 263.0, 'y': 268.0}","{'x': 298.0, 'y': 315.0}"
I,beta4,beta3,small,in,in,"{'x': 299.0, 'y': 619.0}","{'x': 260.0, 'y': 662.0}"
I,beta4,beta3,small,in,in,"{'x': 263.0, 'y': 670.0}","{'x': 300.0, 'y': 621.0}"
I,beta4,beta3,small,in,in,"{'x': 299.0, 'y': 619.0}","{'x': 260.0, 'y': 662.0}"
I,beta4,beta3,small,in,in,"{'x': 263.0, 'y': 670.0}","{'x': 300.0, 'y': 621.0}"
I,beta4,beta3,small,in,in,"{'x': 299.0, 'y': 619.0}","{'x': 260.0, 'y': 662.0}"
I,beta4,beta3,small,in,in,"{'x': 263.0, 'y': 670.0}","{'x': 300.0, 'y': 621.0}"
I,beta4,beta3,small,in,in,"{'x': 299.0, 'y': 619.0}","{'x': 260.0, 'y': 662.0}"
I,beta4,beta3,small,in,in,"{'x': 263.0, 'y': 670.0}","{'x': 300.0, 'y': 621.0}"
I,beta4,beta1,small,out,out,"{'x': 298.0, 'y': 315.0}","{'x': 263.0, 'y': 268.0}"
I,beta4,beta1,small,out,out,"{'x': 263.0, 'y': 268.0}","{'x': 298.0, 'y': 315.0}"
I,beta4,beta1,small,out,out,"{'x': 298.0, 'y': 315.0}","{'x': 263.0, 'y': 268.0}"
I,beta4,beta1,small,out,out,"{'x': 263.0, 'y': 268.0}","{'x': 298.0, 'y': 315.0}"
I,beta4,beta1,small,out,out,"{'x': 298.0, 'y': 315.0}","{'x': 263.0, 'y': 268.0}"
I,beta4,beta1,small,out,out,"{'x': 263.0, 'y': 268.0}","{'x': 298.0, 'y': 315.0}"
I,beta4,beta1,small,out,out,"{'x': 298.0, 'y': 315.0}","{'x': 263.0, 'y': 268.0}"
I,beta4,beta1,small,out,out,"{'x': 263.0, 'y': 268.0}","{'x': 298.0, 'y': 315.0}"
I,beta4,beta3,small,out,out,"{'x': 299.0, 'y': 619.0}","{'x': 260.0, 'y': 662.0}"
I,beta4,beta3,small,out,out,"{'x': 263.0, 'y': 670.0}","{'x': 300.0, 'y': 621.0}"
I,beta4,beta3,small,out,out,"{'x': 299.0, 'y': 619.0}","{'x': 260.0, 'y': 662.0}"
I,beta4,beta3,small,out,out,"{'x': 263.0, 'y': 670.0}","{'x': 300.0, 'y': 621.0}"
I,beta4,beta3,small,out,out,"{'x': 299.0, 'y': 619.0}","{'x': 260.0, 'y': 662.0}"
I,beta4,beta3,small,out,out,"{'x': 263.0, 'y': 670.0}","{'x': 300.0, 'y': 621.0}"
I,beta4,beta3,small,out,out,"{'x': 299.0, 'y': 619.0}","{'x': 260.0, 'y': 662.0}"
I,beta4,beta3,small,out,out,"{'x': 263.0, 'y': 670.0}","{'x': 300.0, 'y': 621.0}"
P,gamma1,gamma8,large,in,in,"{'x': 321.5, 'y': 308.5}","{'x': 253.5, 'y': 270.5}"
P,gamma1,gamma8,large,in,in,"{'x': 321.5, 'y': 308.5}","{'x': 253.5, 'y': 270.5}"
P,gamma1,gamma8,large,in,in,"{'x': 321.5, 'y': 308.5}","{'x': 253.5, 'y': 270.5}"
P,gamma1,gamma8,large,in,in,"{'x': 321.5, 'y': 308.5}","{'x': 253.5, 'y': 270.5}"
P,gamma1,gamma8,large,out,out,"{'x': 321.5, 'y': 308.5}","{'x': 253.5, 'y': 270.5}"
P,gamma1,gamma8,large,out,out,"{'x': 321.5, 'y': 308.5}","{'x': 253.5, 'y': 270.5}"
P,gamma1,gamma8,large,out,out,"{'x': 321.5, 'y': 308.5}","{'x': 253.5, 'y': 270.5}"
P,gamma1,gamma8,large,out,out,"{'x': 321.5, 'y': 308.5}","{'x': 253.5, 'y': 270.5}"
P,gamma1,gamma8,small,in,in,"{'x': 321.5, 'y': 308.5}","{'x': 253.5, 'y': 270.5}"
P,gamma1,gamma8,small,in,in,"{'x': 321.5, 'y': 308.5}","{'x': 253.5, 'y': 270.5}"
P,gamma1,gamma8,small,in,in,"{'x': 321.5, 'y': 308.5}","{'x': 253.5, 'y': 270.5}"
P,gamma1,gamma8,small,in,in,"{'x': 321.5, 'y': 308.5}","{'x': 253.5, 'y': 270.5}"
P,gamma1,gamma8,small,out,out,"{'x': 321.5, 'y': 308.5}","{'x': 253.5, 'y': 270.5}"
P,gamma1,gamma8,small,out,out,"{'x': 321.5, 'y': 308.5}","{'x': 253.5, 'y': 270.5}"
P,gamma1,gamma8,small,out,out,"{'x': 321.5, 'y': 308.5}","{'x': 253.5, 'y': 270.5}"
P,gamma1,gamma8,small,out,out,"{'x': 321.5, 'y': 308.5}","{'x': 253.5, 'y': 270.5}"
P,gamma2,gamma5,large,in,in,"{'x': 636.0, 'y': 325.0}","{'x': 665.0, 'y': 253.0}"
P,gamma2,gamma5,large,in,in,"{'x': 636.0, 'y': 325.0}","{'x': 665.0, 'y': 253.0}"
P,gamma2,gamma5,large,in,in,"{'x': 636.0, 'y': 325.0}","{'x': 665.0, 'y': 253.0}"
P,gamma2,gamma5,large,in,in,"{'x': 636.0, 'y': 325.0}","{'x': 665.0, 'y': 253.0}"
P,gamma2,gamma5,large,out,out,"{'x': 636.0, 'y': 325.0}","{'x': 665.0, 'y': 253.0}"
P,gamma2,gamma5,large,out,out,"{'x': 636.0, 'y': 325.0}","{'x': 665.0, 'y': 253.0}"
P,gamma2,gamma5,large,out,out,"{'x': 636.0, 'y': 325.0}","{'x': 665.0, 'y': 253.0}"
P,gamma2,gamma5,large,out,out,"{'x': 636.0, 'y': 325.0}","{'x': 665.0, 'y': 253.0}"
P,gamma2,gamma5,small,in,in,"{'x': 636.0, 'y': 325.0}","{'x': 665.0, 'y': 253.0}"
P,gamma2,gamma5,small,in,in,"{'x': 636.0, 'y': 325.0}","{'x': 665.0, 'y': 253.0}"
P,gamma2,gamma5,small,in,in,"{'x': 636.0, 'y': 325.0}","{'x': 665.0, 'y': 253.0}"
P,gamma2,gamma5,small,in,in,"{'x': 636.0, 'y': 325.0}","{'x': 665.0, 'y': 253.0}"
P,gamma2,gamma5,small,out,out,"{'x': 636.0, 'y': 325.0}","{'x': 665.0, 'y': 253.0}"
P,gamma2,gamma5,small,out,out,"{'x': 636.0, 'y': 325.0}","{'x': 665.0, 'y': 253.0}"
P,gamma2,gamma5,small,out,out,"{'x': 636.0, 'y': 325.0}","{'x': 665.0, 'y': 253.0}"
P,gamma2,gamma5,small,out,out,"{'x': 636.0, 'y': 325.0}","{'x': 665.0, 'y': 253.0}"
P,gamma3,gamma6,large,in,in,"{'x': 618.5, 'y': 634.5}","{'x': 688.5, 'y': 663.5}"
P,gamma3,gamma6,large,in,in,"{'x': 618.5, 'y': 634.5}","{'x': 688.5, 'y': 663.5}"
P,gamma3,gamma6,large,in,in,"{'x': 618.5, 'y': 634.5}","{'x': 688.5, 'y': 663.5}"
P,gamma3,gamma6,large,in,in,"{'x': 618.5, 'y': 634.5}","{'x': 688.5, 'y': 663.5}"
P,gamma3,gamma6,large,out,out,"{'x': 618.5, 'y': 634.5}","{'x': 688.5, 'y': 663.5}"
P,gamma3,gamma6,large,out,out,"{'x': 618.5, 'y': 634.5}","{'x': 688.5, 'y': 663.5}"
P,gamma3,gamma6,large,out,out,"{'x': 618.5, 'y': 634.5}","{'x': 688.5, 'y': 663.5}"
P,gamma3,gamma6,large,out,out,"{'x': 618.5, 'y': 634.5}","{'x': 688.5, 'y': 663.5}"
P,gamma3,gamma6,small,in,in,"{'x': 618.5, 'y': 634.5}","{'x': 688.5, 'y': 663.5}"
P,gamma3,gamma6,small,in,in,"{'x': 618.5, 'y': 634.5}","{'x': 688.5, 'y': 663.5}"
P,gamma3,gamma6,small,in,in,"{'x': 618.5, 'y': 634.5}","{'x': 688.5, 'y': 663.5}"
P,gamma3,gamma6,small,in,in,"{'x': 618.5, 'y': 634.5}","{'x': 688.5, 'y': 663.5}"
P,gamma3,gamma6,small,out,out,"{'x': 618.5, 'y': 634.5}","{'x': 688.5, 'y': 663.5}"
P,gamma3,gamma6,small,out,out,"{'x': 618.5, 'y': 634.5}","{'x': 688.5, 'y': 663.5}"
P,gamma3,gamma6,small,out,out,"{'x': 618.5, 'y': 634.5}","{'x': 688.5, 'y': 663.5}"
P,gamma3,gamma6,small,out,out,"{'x': 618.5, 'y': 634.5}","{'x': 688.5, 'y': 663.5}"
P,gamma4,gamma7,large,in,in,"{'x': 306.0, 'y': 634.0}","{'x': 272.0, 'y': 701.0}"
P,gamma4,gamma7,large,in,in,"{'x': 306.0, 'y': 634.0}","{'x': 272.0, 'y': 701.0}"
P,gamma4,gamma7,large,in,in,"{'x': 306.0, 'y': 634.0}","{'x': 272.0, 'y': 701.0}"
P,gamma4,gamma7,large,in,in,"{'x': 306.0, 'y': 634.0}","{'x': 272.0, 'y': 701.0}"
P,gamma4,gamma7,large,out,out,"{'x': 306.0, 'y': 634.0}","{'x': 272.0, 'y': 701.0}"
P,gamma4,gamma7,large,out,out,"{'x': 306.0, 'y': 634.0}","{'x': 272.0, 'y': 701.0}"
P,gamma4,gamma7,large,out,out,"{'x': 306.0, 'y': 634.0}","{'x': 272.0, 'y': 701.0}"
P,gamma4,gamma7,large,out,out,"{'x': 306.0, 'y': 634.0}","{'x': 272.0, 'y': 701.0}"
P,gamma4,gamma7,small,in,in,"{'x': 306.0, 'y': 634.0}","{'x': 272.0, 'y': 701.0}"
P,gamma4,gamma7,small,in,in,"{'x': 306.0, 'y': 634.0}","{'x': 272.0, 'y': 701.0}"
P,gamma4,gamma7,small,in,in,"{'x': 306.0, 'y': 634.0}","{'x': 272.0, 'y': 701.0}"
P,gamma4,gamma7,small,in,in,"{'x': 306.0, 'y': 634.0}","{'x': 272.0, 'y': 701.0}"
P,gamma4,gamma7,small,out,out,"{'x': 306.0, 'y': 634.0}","{'x': 272.0, 'y': 701.0}"
P,gamma4,gamma7,small,out,out,"{'x': 306.0, 'y': 634.0}","{'x': 272.0, 'y': 701.0}"
P,gamma4,gamma7,small,out,out,"{'x': 306.0, 'y': 634.0}","{'x': 272.0, 'y': 701.0}"
P,gamma4,gamma7,small,out,out,"{'x': 306.0, 'y': 634.0}","{'x': 272.0, 'y': 701.0}"
P,gamma5,gamma2,large,in,in,"{'x': 636.5, 'y': 301.5}","{'x': 696.5, 'y': 255.5}"
P,gamma5,gamma2,large,in,in,"{'x': 636.5, 'y': 301.5}","{'x': 696.5, 'y': 255.5}"
P,gamma5,gamma2,large,in,in,"{'x': 636.5, 'y': 301.5}","{'x': 696.5, 'y': 255.5}"
P,gamma5,gamma2,large,in,in,"{'x': 636.5, 'y': 301.5}","{'x': 696.5, 'y': 255.5}"
P,gamma5,gamma2,large,out,out,"{'x': 636.5, 'y': 301.5}","{'x': 696.5, 'y': 255.5}"
P,gamma5,gamma2,large,out,out,"{'x': 636.5, 'y': 301.5}","{'x': 696.5, 'y': 255.5}"
P,gamma5,gamma2,large,out,out,"{'x': 636.5, 'y': 301.5}","{'x': 696.5, 'y': 255.5}"
P,gamma5,gamma2,large,out,out,"{'x': 636.5, 'y': 301.5}","{'x': 696.5, 'y': 255.5}"
P,gamma5,gamma2,small,in,in,"{'x': 636.5, 'y': 301.5}","{'x': 696.5, 'y': 255.5}"
P,gamma5,gamma2,small,in,in,"{'x': 636.5, 'y': 301.5}","{'x': 696.5, 'y': 255.5}"
P,gamma5,gamma2,small,in,in,"{'x': 636.5, 'y': 301.5}","{'x': 696.5, 'y': 255.5}"
P,gamma5,gamma2,small,in,in,"{'x': 636.5, 'y': 301.5}","{'x': 696.5, 'y': 255.5}"
P,gamma5,gamma2,small,out,out,"{'x': 636.5, 'y': 301.5}","{'x': 696.5, 'y': 255.5}"
P,gamma5,gamma2,small,out,out,"{'x': 636.5, 'y': 301.5}","{'x': 696.5, 'y': 255.5}"
P,gamma5,gamma2,small,out,out,"{'x': 636.5, 'y': 301.5}","{'x': 696.5, 'y': 255.5}"
P,gamma5,gamma2,small,out,out,"{'x': 636.5, 'y': 301.5}","{'x': 696.5, 'y': 255.5}"
P,gamma6,gamma3,large,in,in,"{'x': 635.0, 'y': 620.0}","{'x': 670.0, 'y': 686.0}"
P,gamma6,gamma3,large,in,in,"{'x': 635.0, 'y': 620.0}","{'x': 670.0, 'y': 686.0}"
P,gamma6,gamma3,large,in,in,"{'x': 635.0, 'y': 620.0}","{'x': 670.0, 'y': 686.0}"
P,gamma6,gamma3,large,in,in,"{'x': 635.0, 'y': 620.0}","{'x': 670.0, 'y': 686.0}"
P,gamma6,gamma3,large,out,out,"{'x': 635.0, 'y': 620.0}","{'x': 670.0, 'y': 686.0}"
P,gamma6,gamma3,large,out,out,"{'x': 635.0, 'y': 620.0}","{'x': 670.0, 'y': 686.0}"
P,gamma6,gamma3,large,out,out,"{'x': 635.0, 'y': 620.0}","{'x': 670.0, 'y': 686.0}"
P,gamma6,gamma3,large,out,out,"{'x': 635.0, 'y': 620.0}","{'x': 670.0, 'y': 686.0}"
P,gamma6,gamma3,small,in,in,"{'x': 635.0, 'y': 620.0}","{'x': 670.0, 'y': 686.0}"
P,gamma6,gamma3,small,in,in,"{'x': 635.0, 'y': 620.0}","{'x': 670.0, 'y': 686.0}"
P,gamma6,gamma3,small,in,in,"{'x': 635.0, 'y': 620.0}","{'x': 670.0, 'y': 686.0}"
P,gamma6,gamma3,small,in,in,"{'x': 635.0, 'y': 620.0}","{'x': 670.0, 'y': 686.0}"
P,gamma6,gamma3,small,out,out,"{'x': 635.0, 'y': 620.0}","{'x': 670.0, 'y': 686.0}"
P,gamma6,gamma3,small,out,out,"{'x': 635.0, 'y': 620.0}","{'x': 670.0, 'y': 686.0}"
P,gamma6,gamma3,small,out,out,"{'x': 635.0, 'y': 620.0}","{'x': 670.0, 'y': 686.0}"
P,gamma6,gamma3,small,out,out,"{'x': 635.0, 'y': 620.0}","{'x': 670.0, 'y': 686.0}"
P,gamma7,gamma4,large,in,in,"{'x': 320.5, 'y': 645.5}","{'x': 254.5, 'y': 678.5}"
P,gamma7,gamma4,large,in,in,"{'x': 320.5, 'y': 645.5}","{'x': 254.5, 'y': 678.5}"
P,gamma7,gamma4,large,in,in,"{'x': 320.5, 'y': 645.5}","{'x': 254.5, 'y': 678.5}"
P,gamma7,gamma4,large,in,in,"{'x': 320.5, 'y': 645.5}","{'x': 254.5, 'y': 678.5}"
P,gamma7,gamma4,large,out,out,"{'x': 320.5, 'y': 645.5}","{'x': 254.5, 'y': 678.5}"
P,gamma7,gamma4,large,out,out,"{'x': 320.5, 'y': 645.5}","{'x': 254.5, 'y': 678.5}"
P,gamma7,gamma4,large,out,out,"{'x': 320.5, 'y': 645.5}","{'x': 254.5, 'y': 678.5}"
P,gamma7,gamma4,large,out,out,"{'x': 320.5, 'y': 645.5}","{'x': 254.5, 'y': 678.5}"
P,gamma7,gamma4,small,in,in,"{'x': 320.5, 'y': 645.5}","{'x': 254.5, 'y': 678.5}"
P,gamma7,gamma4,small,in,in,"{'x': 320.5, 'y': 645.5}","{'x': 254.5, 'y': 678.5}"
P,gamma7,gamma4,small,in,in,"{'x': 320.5, 'y': 645.5}","{'x': 254.5, 'y': 678.5}"
P,gamma7,gamma4,small,in,in,"{'x': 320.5, 'y': 645.5}","{'x': 254.5, 'y': 678.5}"
P,gamma7,gamma4,small,out,out,"{'x': 320.5, 'y': 645.5}","{'x': 254.5, 'y': 678.5}"
P,gamma7,gamma4,small,out,out,"{'x': 320.5, 'y': 645.5}","{'x': 254.5, 'y': 678.5}"
P,gamma7,gamma4,small,out,out,"{'x': 320.5, 'y': 645.5}","{'x': 254.5, 'y': 678.5}"
P,gamma7,gamma4,small,out,out,"{'x': 320.5, 'y': 645.5}","{'x': 254.5, 'y': 678.5}"
P,gamma8,gamma1,large,in,in,"{'x': 305.0, 'y': 316.0}","{'x': 269.0, 'y': 247.0}"
P,gamma8,gamma1,large,in,in,"{'x': 305.0, 'y': 316.0}","{'x': 269.0, 'y': 247.0}"
P,gamma8,gamma1,large,in,in,"{'x': 305.0, 'y': 316.0}","{'x': 269.0, 'y': 247.0}"
P,gamma8,gamma1,large,in,in,"{'x': 305.0, 'y': 316.0}","{'x': 269.0, 'y': 247.0}"
P,gamma8,gamma1,large,out,out,"{'x': 305.0, 'y': 316.0}","{'x': 269.0, 'y': 247.0}"
P,gamma8,gamma1,large,out,out,"{'x': 305.0, 'y': 316.0}","{'x': 269.0, 'y': 247.0}"
P,gamma8,gamma1,large,out,out,"{'x': 305.0, 'y': 316.0}","{'x': 269.0, 'y': 247.0}"
P,gamma8,gamma1,large,out,out,"{'x': 305.0, 'y': 316.0}","{'x': 269.0, 'y': 247.0}"
P,gamma8,gamma1,small,in,in,"{'x': 305.0, 'y': 316.0}","{'x': 269.0, 'y': 247.0}"
P,gamma8,gamma1,small,in,in,"{'x': 305.0, 'y': 316.0}","{'x': 269.0, 'y': 247.0}"
P,gamma8,gamma1,small,in,in,"{'x': 305.0, 'y': 316.0}","{'x': 269.0, 'y': 247.0}"
P,gamma8,gamma1,small,in,in,"{'x': 305.0, 'y': 316.0}","{'x': 269.0, 'y': 247.0}"
P,gamma8,gamma1,small,out,out,"{'x': 305.0, 'y': 316.0}","{'x': 269.0, 'y': 247.0}"
P,gamma8,gamma1,small,out,out,"{'x': 305.0, 'y': 316.0}","{'x': 269.0, 'y': 247.0}"
P,gamma8,gamma1,small,out,out,"{'x': 305.0, 'y': 316.0}","{'x': 269.0, 'y': 247.0}"
P,gamma8,gamma1,small,out,out,"{'x': 305.0, 'y': 316.0}","{'x': 269.0, 'y': 247.0}"
Q,gamma1,gamma8,large,in,in,"{'x': 305.0, 'y': 314.0}","{'x': 230.0, 'y': 274.0}"
Q,gamma1,gamma8,large,in,in,"{'x': 305.0, 'y': 314.0}","{'x': 230.0, 'y': 274.0}"
Q,gamma1,gamma8,large,in,in,"{'x': 305.0, 'y': 314.0}","{'x': 230.0, 'y': 274.0}"
Q,gamma1,gamma8,large,in,in,"{'x': 305.0, 'y': 314.0}","{'x': 230.0, 'y': 274.0}"
Q,gamma1,gamma8,large,out,out,"{'x': 305.0, 'y': 314.0}","{'x': 230.0, 'y': 274.0}"
Q,gamma1,gamma8,large,out,out,"{'x': 305.0, 'y': 314.0}","{'x': 230.0, 'y': 274.0}"
Q,gamma1,gamma8,large,out,out,"{'x': 305.0, 'y': 314.0}","{'x': 230.0, 'y': 274.0}"
Q,gamma1,gamma8,large,out,out,"{'x': 305.0, 'y': 314.0}","{'x': 230.0, 'y': 274.0}"
Q,gamma1,gamma8,small,in,in,"{'x': 305.0, 'y': 314.0}","{'x': 230.0, 'y': 274.0}"
Q,gamma1,gamma8,small,in,in,"{'x': 305.0, 'y': 314.0}","{'x': 230.0, 'y': 274.0}"
Q,gamma1,gamma8,small,in,in,"{'x': 305.0, 'y': 314.0}","{'x': 230.0, 'y': 274.0}"
Q,gamma1,gamma8,small,in,in,"{'x': 305.0, 'y': 314.0}","{'x': 230.0, 'y': 274.0}"
Q,gamma1,gamma8,small,out,out,"{'x': 305.0, 'y': 314.0}","{'x': 230.0, 'y': 274.0}"
Q,gamma1,gamma8,small,out,out,"{'x': 305.0, 'y': 314.0}","{'x': 230.0, 'y': 274.0}"
Q,gamma1,gamma8,small,out,out,"{'x': 305.0, 'y': 314.0}","{'x': 230.0, 'y': 274.0}"
Q,gamma1,gamma8,small,out,out,"{'x': 305.0, 'y': 314.0}","{'x': 230.0, 'y': 274.0}"
Q,gamma2,gamma5,large,in,in,"{'x': 703.0, 'y': 287.0}","{'x': 624.0, 'y': 321.0}"
Q,gamma2,gamma5,large,in,in,"{'x': 703.0, 'y': 287.0}","{'x': 624.0, 'y': 321.0}"
Q,gamma2,gamma5,large,in,in,"{'x': 703.0, 'y': 287.0}","{'x': 624.0, 'y': 321.0}"
Q,gamma2,gamma5,large,in,in,"{'x': 703.0, 'y': 287.0}","{'x': 624.0, 'y': 321.0}"
Q,gamma2,gamma5,large,out,out,"{'x': 703.0, 'y': 287.0}","{'x': 624.0, 'y': 321.0}"
Q,gamma2,gamma5,large,out,out,"{'x': 703.0, 'y': 287.0}","{'x': 624.0, 'y': 321.0}"
Q,gamma2,gamma5,large,out,out,"{'x': 703.0, 'y': 287.0}","{'x': 624.0, 'y': 321.0}"
Q,gamma2,gamma5,large,out,out,"{'x': 703.0, 'y': 287.0}","{'x': 624.0, 'y': 321.0}"
Q,gamma2,gamma5,small,in,in,"{'x': 703.0, 'y': 287.0}","{'x': 624.0, 'y': 321.0}"
Q,gamma2,gamma5,small,in,in,"{'x': 703.0, 'y': 287.0}","{'x': 624.0, 'y': 321.0}"
Q,gamma2,gamma5,small,in,in,"{'x': 703.0, 'y': 287.0}","{'x': 624.0, 'y': 321.0}"
Q,gamma2,gamma5,small,in,in,"{'x': 703.0, 'y': 287.0}","{'x': 624.0, 'y': 321.0}"
Q,gamma2,gamma5,small,out,out,"{'x': 703.0, 'y': 287.0}","{'x': 624.0, 'y': 321.0}"
Q,gamma2,gamma5,small,out,out,"{'x': 703.0, 'y': 287.0}","{'x': 624.0, 'y': 321.0}"
Q,gamma2,gamma5,small,out,out,"{'x': 703.0, 'y': 287.0}","{'x': 624.0, 'y': 321.0}"
Q,gamma2,gamma5,small,out,out,"{'x': 703.0, 'y': 287.0}","{'x': 624.0, 'y': 321.0}"
Q,gamma3,gamma6,large,in,in,"{'x': 674.5, 'y': 718.5}","{'x': 636.5, 'y': 636.5}"
Q,gamma3,gamma6,large,in,in,"{'x': 674.5, 'y': 718.5}","{'x': 636.5, 'y': 636.5}"
Q,gamma3,gamma6,large,in,in,"{'x': 674.5, 'y': 718.5}","{'x': 636.5, 'y': 636.5}"
Q,gamma3,gamma6,large,in,in,"{'x': 674.5, 'y': 718.5}","{'x': 636.5, 'y': 636.5}"
Q,gamma3,gamma6,large,out,out,"{'x': 674.5, 'y': 718.5}","{'x': 636.5, 'y': 636.5}"
Q,gamma3,gamma6,large,out,out,"{'x': 674.5, 'y': 718.5}","{'x': 636.5, 'y': 636.5}"
Q,gamma3,gamma6,large,out,out,"{'x': 674.5, 'y': 718.5}","{'x': 636.5, 'y': 636.5}"
Q,gamma3,gamma6,large,out,out,"{'x': 674.5, 'y': 718.5}","{'x': 636.5, 'y': 636.5}"
Q,gamma3,gamma6,small,in,in,"{'x': 674.5, 'y': 718.5}","{'x': 636.5, 'y': 636.5}"
Q,gamma3,gamma6,small,in,in,"{'x': 674.5, 'y': 718.5}","{'x': 636.5, 'y': 636.5}"
Q,gamma3,gamma6,small,in,in,"{'x': 674.5, 'y': 718.5}","{'x': 636.5, 'y': 636.5}"
Q,gamma3,gamma6,small,in,in,"{'x': 674.5, 'y': 718.5}","{'x': 636.5, 'y': 636.5}"
Q,gamma3,gamma6,small,out,out,"{'x': 674.5, 'y': 718.5}","{'x': 636.5, 'y': 636.5}"
Q,gamma3,gamma6,small,out,out,"{'x': 674.5, 'y': 718.5}","{'x': 636.5, 'y': 636.5}"
Q,gamma3,gamma6,small,out,out,"{'x': 674.5, 'y': 718.5}","{'x': 636.5, 'y': 636.5}"
Q,gamma3,gamma6,small,out,out,"{'x': 674.5, 'y': 718.5}","{'x': 636.5, 'y': 636.5}"
Q,gamma4,gamma7,large,in,in,"{'x': 319.0, 'y': 624.0}","{'x': 286.0, 'y': 701.0}"
Q,gamma4,gamma7,large,in,in,"{'x': 319.0, 'y': 624.0}","{'x': 286.0, 'y': 701.0}"
Q,gamma4,gamma7,large,in,in,"{'x': 319.0, 'y': 624.0}","{'x': 286.0, 'y': 701.0}"
Q,gamma4,gamma7,large,in,in,"{'x': 319.0, 'y': 624.0}","{'x': 286.0, 'y': 701.0}"
Q,gamma4,gamma7,large,out,out,"{'x': 319.0, 'y': 624.0}","{'x': 286.0, 'y': 701.0}"
Q,gamma4,gamma7,large,out,out,"{'x': 319.0, 'y': 624.0}","{'x': 286.0, 'y': 701.0}"
Q,gamma4,gamma7,large,out,out,"{'x': 319.0, 'y': 624.0}","{'x': 286.0, 'y': 701.0}"
Q,gamma4,gamma7,large,out,out,"{'x': 319.0, 'y': 624.0}","{'x': 286.0, 'y': 701.0}"
Q,gamma4,gamma7,small,in,in,"{'x': 319.0, 'y': 624.0}","{'x': 286.0, 'y': 701.0}"
Q,gamma4,gamma7,small,in,in,"{'x': 319.0, 'y': 624.0}","{'x': 286.0, 'y': 701.0}"
Q,gamma4,gamma7,small,in,in,"{'x': 319.0, 'y': 624.0}","{'x': 286.0, 'y': 701.0}"
Q,gamma4,gamma7,small,in,in,"{'x': 319.0, 'y': 624.0}","{'x': 286.0, 'y': 701.0}"
Q,gamma4,gamma7,small,out,out,"{'x': 319.0, 'y': 624.0}","{'x': 286.0, 'y': 701.0}"
Q,gamma4,gamma7,small,out,out,"{'x': 319.0, 'y': 624.0}","{'x': 286.0, 'y': 701.0}"
Q,gamma4,gamma7,small,out,out,"{'x': 319.0, 'y': 624.0}","{'x': 286.0, 'y': 701.0}"
Q,gamma4,gamma7,small,out,out,"{'x': 319.0, 'y': 624.0}","{'x': 286.0, 'y': 701.0}"
Q,gamma5,gamma2,large,in,in,"{'x': 627.0, 'y': 323.0}","{'x': 699.0, 'y': 286.0}"
Q,gamma5,gamma2,large,in,in,"{'x': 627.0, 'y': 323.0}","{'x': 699.0, 'y': 286.0}"
Q,gamma5,gamma2,large,in,in,"{'x': 627.0, 'y': 323.0}","{'x': 699.0, 'y': 286.0}"
Q,gamma5,gamma2,large,in,in,"{'x': 627.0, 'y': 323.0}","{'x': 699.0, 'y': 286.0}"
Q,gamma5,gamma2,large,out,out,"{'x': 627.0, 'y': 323.0}","{'x': 699.0, 'y': 286.0}"
Q,gamma5,gamma2,large,out,out,"{'x': 627.0, 'y': 323.0}","{'x': 699.0, 'y': 286.0}"
Q,gamma5,gamma2,large,out,out,"{'x': 627.0, 'y': 323.0}","{'x': 699.0, 'y': 286.0}"
Q,gamma5,gamma2,large,out,out,"{'x': 627.0, 'y': 323.0}","{'x': 699.0, 'y': 286.0}"
Q,gamma5,gamma2,small,in,in,"{'x': 627.0, 'y': 323.0}","{'x': 699.0, 'y': 286.0}"
Q,gamma5,gamma2,small,in,in,"{'x': 627.0, 'y': 323.0}","{'x': 699.0, 'y': 286.0}"
Q,gamma5,gamma2,small,in,in,"{'x': 627.0, 'y': 323.0}","{'x': 699.0, 'y': 286.0}"
Q,gamma5,gamma2,small,in,in,"{'x': 627.0, 'y': 323.0}","{'x': 699.0, 'y': 286.0}"
Q,gamma5,gamma2,small,out,out,"{'x': 627.0, 'y': 323.0}","{'x': 699.0, 'y': 286.0}"
Q,gamma5,gamma2,small,out,out,"{'x': 627.0, 'y': 323.0}","{'x': 699.0, 'y': 286.0}"
Q,gamma5,gamma2,small,out,out,"{'x': 627.0, 'y': 323.0}","{'x': 699.0, 'y': 286.0}"
Q,gamma5,gamma2,small,out,out,"{'x': 627.0, 'y': 323.0}","{'x': 699.0, 'y': 286.0}"
Q,gamma6,gamma3,large,in,in,"{'x': 699.5, 'y': 662.5}","{'x': 626.0, 'y': 624.0}"
Q,gamma6,gamma3,large,in,in,"{'x': 699.5, 'y': 662.5}","{'x': 626.0, 'y': 624.0}"
Q,gamma6,gamma3,large,in,in,"{'x': 699.5, 'y': 662.5}","{'x': 626.0, 'y': 624.0}"
Q,gamma6,gamma3,large,in,in,"{'x': 699.5, 'y': 662.5}","{'x': 626.0, 'y': 624.0}"
Q,gamma6,gamma3,large,out,out,"{'x': 699.5, 'y': 662.5}","{'x': 626.0, 'y': 624.0}"
Q,gamma6,gamma3,large,out,out,"{'x': 699.5, 'y': 662.5}","{'x': 626.0, 'y': 624.0}"
Q,gamma6,gamma3,large,out,out,"{'x': 699.5, 'y': 662.5}","{'x': 626.0, 'y': 624.0}"
Q,gamma6,gamma3,large,out,out,"{'x': 699.5, 'y': 662.5}","{'x': 626.0, 'y': 624.0}"
Q,gamma6,gamma3,small,in,in,"{'x': 699.5, 'y': 662.5}","{'x': 626.0, 'y': 624.0}"
Q,gamma6,gamma3,small,in,in,"{'x': 699.5, 'y': 662.5}","{'x': 626.0, 'y': 624.0}"
Q,gamma6,gamma3,small,in,in,"{'x': 699.5, 'y': 662.5}","{'x': 626.0, 'y': 624.0}"
Q,gamma6,gamma3,small,in,in,"{'x': 699.5, 'y': 662.5}","{'x': 626.0, 'y': 624.0}"
Q,gamma6,gamma3,small,out,out,"{'x': 699.5, 'y': 662.5}","{'x': 626.0, 'y': 624.0}"
Q,gamma6,gamma3,small,out,out,"{'x': 699.5, 'y': 662.5}","{'x': 626.0, 'y': 624.0}"
Q,gamma6,gamma3,small,out,out,"{'x': 699.5, 'y': 662.5}","{'x': 626.0, 'y': 624.0}"
Q,gamma6,gamma3,small,out,out,"{'x': 699.5, 'y': 662.5}","{'x': 626.0, 'y': 624.0}"
Q,gamma7,gamma4,large,in,in,"{'x': 327.0, 'y': 629.0}","{'x': 250.0, 'y': 657.0}"
Q,gamma7,gamma4,large,in,in,"{'x': 327.0, 'y': 629.0}","{'x': 250.0, 'y': 657.0}"
Q,gamma7,gamma4,large,in,in,"{'x': 327.0, 'y': 629.0}","{'x': 250.0, 'y': 657.0}"
Q,gamma7,gamma4,large,in,in,"{'x': 327.0, 'y': 629.0}","{'x': 250.0, 'y': 657.0}"
Q,gamma7,gamma4,large,out,out,"{'x': 327.0, 'y': 629.0}","{'x': 250.0, 'y': 657.0}"
Q,gamma7,gamma4,large,out,out,"{'x': 327.0, 'y': 629.0}","{'x': 250.0, 'y': 657.0}"
Q,gamma7,gamma4,large,out,out,"{'x': 327.0, 'y': 629.0}","{'x': 250.0, 'y': 657.0}"
Q,gamma7,gamma4,large,out,out,"{'x': 327.0, 'y': 629.0}","{'x': 250.0, 'y': 657.0}"
Q,gamma7,gamma4,small,in,in,"{'x': 327.0, 'y': 629.0}","{'x': 250.0, 'y': 657.0}"
Q,gamma7,gamma4,small,in,in,"{'x': 327.0, 'y': 629.0}","{'x': 250.0, 'y': 657.0}"
Q,gamma7,gamma4,small,in,in,"{'x': 327.0, 'y': 629.0}","{'x': 250.0, 'y': 657.0}"
Q,gamma7,gamma4,small,in,in,"{'x': 327.0, 'y': 629.0}","{'x': 250.0, 'y': 657.0}"
Q,gamma7,gamma4,small,out,out,"{'x': 327.0, 'y': 629.0}","{'x': 250.0, 'y': 657.0}"
Q,gamma7,gamma4,small,out,out,"{'x': 327.0, 'y': 629.0}","{'x': 250.0, 'y': 657.0}"
Q,gamma7,gamma4,small,out,out,"{'x': 327.0, 'y': 629.0}","{'x': 250.0, 'y': 657.0}"
Q,gamma7,gamma4,small,out,out,"{'x': 327.0, 'y': 629.0}","{'x': 250.0, 'y': 657.0}"
Q,gamma8,gamma1,large,in,in,"{'x': 317.5, 'y': 321.5}","{'x': 290.5, 'y': 241.5}"
Q,gamma8,gamma1,large,in,in,"{'x': 317.5, 'y': 321.5}","{'x': 290.5, 'y': 241.5}"
Q,gamma8,gamma1,large,in,in,"{'x': 317.5, 'y': 321.5}","{'x': 290.5, 'y': 241.5}"
Q,gamma8,gamma1,large,in,in,"{'x': 317.5, 'y': 321.5}","{'x': 290.5, 'y': 241.5}"
Q,gamma8,gamma1,large,out,out,"{'x': 317.5, 'y': 321.5}","{'x': 290.5, 'y': 241.5}"
Q,gamma8,gamma1,large,out,out,"{'x': 317.5, 'y': 321.5}","{'x': 290.5, 'y': 241.5}"
Q,gamma8,gamma1,large,out,out,"{'x': 317.5, 'y': 321.5}","{'x': 290.5, 'y': 241.5}"
Q,gamma8,gamma1,large,out,out,"{'x': 317.5, 'y': 321.5}","{'x': 290.5, 'y': 241.5}"
Q,gamma8,gamma1,small,in,in,"{'x': 317.5, 'y': 321.5}","{'x': 290.5, 'y': 241.5}"
Q,gamma8,gamma1,small,in,in,"{'x': 317.5, 'y': 321.5}","{'x': 290.5, 'y': 241.5}"
Q,gamma8,gamma1,small,in,in,"{'x': 317.5, 'y': 321.5}","{'x': 290.5, 'y': 241.5}"
Q,gamma8,gamma1,small,in,in,"{'x': 317.5, 'y': 321.5}","{'x': 290.5, 'y': 241.5}"
Q,gamma8,gamma1,small,out,out,"{'x': 317.5, 'y': 321.5}","{'x': 290.5, 'y': 241.5}"
Q,gamma8,gamma1,small,out,out,"{'x': 317.5, 'y': 321.5}","{'x': 290.5, 'y': 241.5}"
Q,gamma8,gamma1,small,out,out,"{'x': 317.5, 'y': 321.5}","{'x': 290.5, 'y': 241.5}"
Q,gamma8,gamma1,small,out,out,"{'x': 317.5, 'y': 321.5}","{'x': 290.5, 'y': 241.5}"
R,gamma1,gamma8,large,in,in,"{'x': 311.0, 'y': 306.0}","{'x': 262.0, 'y': 279.0}"
R,gamma1,gamma8,large,in,in,"{'x': 283.0, 'y': 262.0}","{'x': 314.0, 'y': 309.0}"
R,gamma1,gamma8,large,in,in,"{'x': 311.0, 'y': 306.0}","{'x': 262.0, 'y': 279.0}"
R,gamma1,gamma8,large,in,in,"{'x': 283.0, 'y': 262.0}","{'x': 314.0, 'y': 309.0}"
R,gamma1,gamma8,large,in,in,"{'x': 311.0, 'y': 306.0}","{'x': 262.0, 'y': 279.0}"
R,gamma1,gamma8,large,in,in,"{'x': 283.0, 'y': 262.0}","{'x': 314.0, 'y': 309.0}"
R,gamma1,gamma8,large,in,in,"{'x': 311.0, 'y': 306.0}","{'x': 262.0, 'y': 279.0}"
R,gamma1,gamma8,large,in,in,"{'x': 283.0, 'y': 262.0}","{'x': 314.0, 'y': 309.0}"
R,gamma1,gamma8,large,out,out,"{'x': 311.0, 'y': 306.0}","{'x': 262.0, 'y': 279.0}"
R,gamma1,gamma8,large,out,out,"{'x': 283.0, 'y': 262.0}","{'x': 314.0, 'y': 309.0}"
R,gamma1,gamma8,large,out,out,"{'x': 311.0, 'y': 306.0}","{'x': 262.0, 'y': 279.0}"
R,gamma1,gamma8,large,out,out,"{'x': 283.0, 'y': 262.0}","{'x': 314.0, 'y': 309.0}"
R,gamma1,gamma8,large,out,out,"{'x': 311.0, 'y': 306.0}","{'x': 262.0, 'y': 279.0}"
R,gamma1,gamma8,large,out,out,"{'x': 283.0, 'y': 262.0}","{'x': 314.0, 'y': 309.0}"
R,gamma1,gamma8,large,out,out,"{'x': 311.0, 'y': 306.0}","{'x': 262.0, 'y': 279.0}"
R,gamma1,gamma8,large,out,out,"{'x': 283.0, 'y': 262.0}","{'x': 314.0, 'y': 309.0}"
R,gamma1,gamma8,small,in,in,"{'x': 311.0, 'y': 306.0}","{'x': 262.0, 'y': 279.0}"
R,gamma1,gamma8,small,in,in,"{'x': 283.0, 'y': 262.0}","{'x': 314.0, 'y': 309.0}"
R,gamma1,gamma8,small,in,in,"{'x': 311.0, 'y': 306.0}","{'x': 262.0, 'y': 279.0}"
R,gamma1,gamma8,small,in,in,"{'x': 283.0, 'y': 262.0}","{'x': 314.0, 'y': 309.0}"
R,gamma1,gamma8,small,in,in,"{'x': 311.0, 'y': 306.0}","{'x': 262.0, 'y': 279.0}"
R,gamma1,gamma8,small,in,in,"{'x': 283.0, 'y': 262.0}","{'x': 314.0, 'y': 309.0}"
R,gamma1,gamma8,small,in,in,"{'x': 311.0, 'y': 306.0}","{'x': 262.0, 'y': 279.0}"
R,gamma1,gamma8,small,in,in,"{'x': 283.0, 'y': 262.0}","{'x': 314.0, 'y': 309.0}"
R,gamma1,gamma8,small,out,out,"{'x': 311.0, 'y': 306.0}","{'x': 262.0, 'y': 279.0}"
R,gamma1,gamma8,small,out,out,"{'x': 283.0, 'y': 262.0}","{'x': 314.0, 'y': 309.0}"
R,gamma1,gamma8,small,out,out,"{'x': 311.0, 'y': 306.0}","{'x': 262.0, 'y': 279.0}"
R,gamma1,gamma8,small,out,out,"{'x': 283.0, 'y': 262.0}","{'x': 314.0, 'y': 309.0}"
R,gamma1,gamma8,small,out,out,"{'x': 311.0, 'y': 306.0}","{'x': 262.0, 'y': 279.0}"
R,gamma1,gamma8,small,out,out,"{'x': 283.0, 'y': 262.0}","{'x': 314.0, 'y': 309.0}"
R,gamma1,gamma8,small,out,out,"{'x': 311.0, 'y': 306.0}","{'x': 262.0, 'y': 279.0}"
R,gamma1,gamma8,small,out,out,"{'x': 283.0, 'y': 262.0}","{'x': 314.0, 'y': 309.0}"
R,gamma2,gamma5,large,in,in,"{'x': 633.0, 'y': 311.0}","{'x': 658.0, 'y': 256.0}"
R,gamma2,gamma5,large,in,in,"{'x': 668.0, 'y': 289.0}","{'x': 627.0, 'y': 320.0}"
R,gamma2,gamma5,large,in,in,"{'x': 633.0, 'y': 311.0}","{'x': 658.0, 'y': 256.0}"
R,gamma2,gamma5,large,in,in,"{'x': 668.0, 'y': 289.0}","{'x': 627.0, 'y': 320.0}"
R,gamma2,gamma5,large,in,in,"{'x': 633.0, 'y': 311.0}","{'x': 658.0, 'y': 256.0}"
R,gamma2,gamma5,large,in,in,"{'x': 668.0, 'y': 289.0}","{'x': 627.0, 'y': 320.0}"
R,gamma2,gamma5,large,in,in,"{'x': 633.0, 'y': 311.0}","{'x': 658.0, 'y': 256.0}"
R,gamma2,gamma5,large,in,in,"{'x': 668.0, 'y': 289.0}","{'x': 627.0, 'y': 320.0}"
R,gamma2,gamma5,large,out,out,"{'x': 633.0, 'y': 311.0}","{'x': 658.0, 'y': 256.0}"
R,gamma2,gamma5,large,out,out,"{'x': 668.0, 'y': 289.0}","{'x': 627.0, 'y': 320.0}"
R,gamma2,gamma5,large,out,out,"{'x': 633.0, 'y': 311.0}","{'x': 658.0, 'y': 256.0}"
R,gamma2,gamma5,large,out,out,"{'x': 668.0, 'y': 289.0}","{'x': 627.0, 'y': 320.0}"
R,gamma2,gamma5,large,out,out,"{'x': 633.0, 'y': 311.0}","{'x': 658.0, 'y': 256.0}"
R,gamma2,gamma5,large,out,out,"{'x': 668.0, 'y': 289.0}","{'x': 627.0, 'y': 320.0}"
R,gamma2,gamma5,large,out,out,"{'x': 633.0, 'y': 311.0}","{'x': 658.0, 'y': 256.0}"
R,gamma2,gamma5,large,out,out,"{'x': 668.0, 'y': 289.0}","{'x': 627.0, 'y': 320.0}"
R,gamma2,gamma5,small,in,in,"{'x': 633.0, 'y': 311.0}","{'x': 658.0, 'y': 256.0}"
R,gamma2,gamma5,small,in,in,"{'x': 668.0, 'y': 289.0}","{'x': 627.0, 'y': 320.0}"
R,gamma2,gamma5,small,in,in,"{'x': 633.0, 'y': 311.0}","{'x': 658.0, 'y': 256.0}"
R,gamma2,gamma5,small,in,in,"{'x': 668.0, 'y': 289.0}","{'x': 627.0, 'y': 320.0}"
R,gamma2,gamma5,small,in,in,"{'x': 633.0, 'y': 311.0}","{'x': 658.0, 'y': 256.0}"
R,gamma2,gamma5,small,in,in,"{'x': 668.0, 'y': 289.0}","{'x': 627.0, 'y': 320.0}"
R,gamma2,gamma5,small,in,in,"{'x': 633.0, 'y': 311.0}","{'x': 658.0, 'y': 256.0}"
R,gamma2,gamma5,small,in,in,"{'x': 668.0, 'y': 289.0}","{'x': 627.0, 'y': 320.0}"
R,gamma2,gamma5,small,out,out,"{'x': 633.0, 'y': 311.0}","{'x': 658.0, 'y': 256.0}"
R,gamma2,gamma5,small,out,out,"{'x': 668.0, 'y': 289.0}","{'x': 627.0, 'y': 320.0}"
R,gamma2,gamma5,small,out,out,"{'x': 633.0, 'y': 311.0}","{'x': 658.0, 'y': 256.0}"
R,gamma2,gamma5,small,out,out,"{'x': 668.0, 'y': 289.0}","{'x': 627.0, 'y': 320.0}"
R,gamma2,gamma5,small,out,out,"{'x': 633.0, 'y': 311.0}","{'x': 658.0, 'y': 256.0}"
R,gamma2,gamma5,small,out,out,"{'x': 668.0, 'y': 289.0}","{'x': 627.0, 'y': 320.0}"
R,gamma2,gamma5,small,out,out,"{'x': 633.0, 'y': 311.0}","{'x': 658.0, 'y': 256.0}"
R,gamma2,gamma5,small,out,out,"{'x': 668.0, 'y': 289.0}","{'x': 627.0, 'y': 320.0}"
R,gamma3,gamma6,large,in,in,"{'x': 628.0, 'y': 646.0}","{'x': 676.0, 'y': 673.0}"
R,gamma3,gamma6,large,in,in,"{'x': 655.0, 'y': 679.0}","{'x': 626.0, 'y': 626.0}"
R,gamma3,gamma6,large,in,in,"{'x': 628.0, 'y': 646.0}","{'x': 676.0, 'y': 673.0}"
R,gamma3,gamma6,large,in,in,"{'x': 655.0, 'y': 679.0}","{'x': 626.0, 'y': 626.0}"
R,gamma3,gamma6,large,in,in,"{'x': 628.0, 'y': 646.0}","{'x': 676.0, 'y': 673.0}"
R,gamma3,gamma6,large,in,in,"{'x': 655.0, 'y': 679.0}","{'x': 626.0, 'y': 626.0}"
R,gamma3,gamma6,large,in,in,"{'x': 628.0, 'y': 646.0}","{'x': 676.0, 'y': 673.0}"
R,gamma3,gamma6,large,in,in,"{'x': 655.0, 'y': 679.0}","{'x': 626.0, 'y': 626.0}"
R,gamma3,gamma6,large,out,out,"{'x': 628.0, 'y': 646.0}","{'x': 676.0, 'y': 673.0}"
R,gamma3,gamma6,large,out,out,"{'x': 655.0, 'y': 679.0}","{'x': 626.0, 'y': 626.0}"
R,gamma3,gamma6,large,out,out,"{'x': 628.0, 'y': 646.0}","{'x': 676.0, 'y': 673.0}"
R,gamma3,gamma6,large,out,out,"{'x': 655.0, 'y': 679.0}","{'x': 626.0, 'y': 626.0}"
R,gamma3,gamma6,large,out,out,"{'x': 628.0, 'y': 646.0}","{'x': 676.0, 'y': 673.0}"
R,gamma3,gamma6,large,out,out,"{'x': 655.0, 'y': 679.0}","{'x': 626.0, 'y': 626.0}"
R,gamma3,gamma6,large,out,out,"{'x': 628.0, 'y': 646.0}","{'x': 676.0, 'y': 673.0}"
R,gamma3,gamma6,large,out,out,"{'x': 655.0, 'y': 679.0}","{'x': 626.0, 'y': 626.0}"
R,gamma3,gamma6,small,in,in,"{'x': 628.0, 'y': 646.0}","{'x': 676.0, 'y': 673.0}"
R,gamma3,gamma6,small,in,in,"{'x': 655.0, 'y': 679.0}","{'x': 626.0, 'y': 626.0}"
R,gamma3,gamma6,small,in,in,"{'x': 628.0, 'y': 646.0}","{'x': 676.0, 'y': 673.0}"
R,gamma3,gamma6,small,in,in,"{'x': 655.0, 'y': 679.0}","{'x': 626.0, 'y': 626.0}"
R,gamma3,gamma6,small,in,in,"{'x': 628.0, 'y': 646.0}","{'x': 676.0, 'y': 673.0}"
R,gamma3,gamma6,small,in,in,"{'x': 655.0, 'y': 679.0}","{'x': 626.0, 'y': 626.0}"
R,gamma3,gamma6,small,in,in,"{'x': 628.0, 'y': 646.0}","{'x': 676.0, 'y': 673.0}"
R,gamma3,gamma6,small,in,in,"{'x': 655.0, 'y': 679.0}","{'x': 626.0, 'y': 626.0}"
R,gamma3,gamma6,small,out,out,"{'x': 628.0, 'y': 646.0}","{'x': 676.0, 'y': 673.0}"
R,gamma3,gamma6,small,out,out,"{'x': 655.0, 'y': 679.0}","{'x': 626.0, 'y': 626.0}"
R,gamma3,gamma6,small,out,out,"{'x': 628.0, 'y': 646.0}","{'x': 676.0, 'y': 673.0}"
R,gamma3,gamma6,small,out,out,"{'x': 655.0, 'y': 679.0}","{'x': 626.0, 'y': 626.0}"
R,gamma3,gamma6,small,out,out,"{'x': 628.0, 'y': 646.0}","{'x': 676.0, 'y': 673.0}"
R,gamma3,gamma6,small,out,out,"{'x': 655.0, 'y': 679.0}","{'x': 626.0, 'y': 626.0}"
R,gamma3,gamma6,small,out,out,"{'x': 628.0, 'y': 646.0}","{'x': 676.0, 'y': 673.0}"
R,gamma3,gamma6,small,out,out,"{'x': 655.0, 'y': 679.0}","{'x': 626.0, 'y': 626.0}"
R,gamma4,gamma7,large,in,in,"{'x': 318.0, 'y': 623.0}","{'x': 295.0, 'y': 675.0}"
R,gamma4,gamma7,large,in,in,"{'x': 276.0, 'y': 668.0}","{'x': 314.0, 'y': 637.0}"
R,gamma4,gamma7,large,in,in,"{'x': 318.0, 'y': 623.0}","{'x': 295.0, 'y': 675.0}"
R,gamma4,gamma7,large,in,in,"{'x': 276.0, 'y': 668.0}","{'x': 314.0, 'y': 637.0}"
R,gamma4,gamma7,large,in,in,"{'x': 318.0, 'y': 623.0}","{'x': 295.0, 'y': 675.0}"
R,gamma4,gamma7,large,in,in,"{'x': 276.0, 'y': 668.0}","{'x': 314.0, 'y': 637.0}"
R,gamma4,gamma7,large,in,in,"{'x': 318.0, 'y': 623.0}","{'x': 295.0, 'y': 675.0}"
R,gamma4,gamma7,large,in,in,"{'x': 276.0, 'y': 668.0}","{'x': 314.0, 'y': 637.0}"
R,gamma4,gamma7,large,out,out,"{'x': 318.0, 'y': 623.0}","{'x': 295.0, 'y': 675.0}"
R,gamma4,gamma7,large,out,out,"{'x': 276.0, 'y': 668.0}","{'x': 314.0, 'y': 637.0}"
R,gamma4,gamma7,large,out,out,"{'x': 318.0, 'y': 623.0}","{'x': 295.0, 'y': 675.0}"
R,gamma4,gamma7,large,out,out,"{'x': 276.0, 'y': 668.0}","{'x': 314.0, 'y': 637.0}"
R,gamma4,gamma7,large,out,out,"{'x': 318.0, 'y': 623.0}","{'x': 295.0, 'y': 675.0}"
R,gamma4,gamma7,large,out,out,"{'x': 276.0, 'y': 668.0}","{'x': 314.0, 'y': 637.0}"
R,gamma4,gamma7,large,out,out,"{'x': 318.0, 'y': 623.0}","{'x': 295.0, 'y': 675.0}"
R,gamma4,gamma7,large,out,out,"{'x': 276.0, 'y': 668.0}","{'x': 314.0, 'y': 637.0}"
R,gamma4,gamma7,small,in,in,"{'x': 318.0, 'y': 623.0}","{'x': 295.0, 'y': 675.0}"
R,gamma4,gamma7,small,in,in,"{'x': 276.0, 'y': 668.0}","{'x': 314.0, 'y': 637.0}"
R,gamma4,gamma7,small,in,in,"{'x': 318.0, 'y': 623.0}","{'x': 295.0, 'y': 675.0}"
R,gamma4,gamma7,small,in,in,"{'x': 276.0, 'y': 668.0}","{'x': 314.0, 'y': 637.0}"
R,gamma4,gamma7,small,in,in,"{'x': 318.0, 'y': 623.0}","{'x': 295.0, 'y': 675.0}"
R,gamma4,gamma7,small,in,in,"{'x': 276.0, 'y': 668.0}","{'x': 314.0, 'y': 637.0}"
R,gamma4,gamma7,small,in,in,"{'x': 318.0, 'y': 623.0}","{'x': 295.0, 'y': 675.0}"
R,gamma4,gamma7,small,in,in,"{'x': 276.0, 'y': 668.0}","{'x': 314.0, 'y': 637.0}"
R,gamma4,gamma7,small,out,out,"{'x': 318.0, 'y': 623.0}","{'x': 295.0, 'y': 675.0}"
R,gamma4,gamma7,small,out,out,"{'x': 276.0, 'y': 668.0}","{'x': 314.0, 'y': 637.0}"
R,gamma4,gamma7,small,out,out,"{'x': 318.0, 'y': 623.0}","{'x': 295.0, 'y': 675.0}"
R,gamma4,gamma7,small,out,out,"{'x': 276.0, 'y': 668.0}","{'x': 314.0, 'y': 637.0}"
R,gamma4,gamma7,small,out,out,"{'x': 318.0, 'y': 623.0}","{'x': 295.0, 'y': 675.0}"
R,gamma4,gamma7,small,out,out,"{'x': 276.0, 'y': 668.0}","{'x': 314.0, 'y': 637.0}"
R,gamma4,gamma7,small,out,out,"{'x': 318.0, 'y': 623.0}","{'x': 295.0, 'y': 675.0}"
R,gamma4,gamma7,small,out,out,"{'x': 276.0, 'y': 668.0}","{'x': 314.0, 'y': 637.0}"
R,gamma5,gamma2,large,in,in,"{'x': 627.5, 'y': 324.5}","{'x': 665.5, 'y': 286.5}"
R,gamma5,gamma2,large,in,in,"{'x': 650.0, 'y': 274.0}","{'x': 622.0, 'y': 327.0}"
R,gamma5,gamma2,large,in,in,"{'x': 627.5, 'y': 324.5}","{'x': 665.5, 'y': 286.5}"
R,gamma5,gamma2,large,in,in,"{'x': 650.0, 'y': 274.0}","{'x': 622.0, 'y': 327.0}"
R,gamma5,gamma2,large,in,in,"{'x': 627.5, 'y': 324.5}","{'x': 665.5, 'y': 286.5}"
R,gamma5,gamma2,large,in,in,"{'x': 650.0, 'y': 274.0}","{'x': 622.0, 'y': 327.0}"
R,gamma5,gamma2,large,in,in,"{'x': 627.5, 'y': 324.5}","{'x': 665.5, 'y': 286.5}"
R,gamma5,gamma2,large,in,in,"{'x': 650.0, 'y': 274.0}","{'x': 622.0, 'y': 327.0}"
R,gamma5,gamma2,large,out,out,"{'x': 627.5, 'y': 324.5}","{'x': 665.5, 'y': 286.5}"
R,gamma5,gamma2,large,out,out,"{'x': 650.0, 'y': 274.0}","{'x': 622.0, 'y': 327.0}"
R,gamma5,gamma2,large,out,out,"{'x': 627.5, 'y': 324.5}","{'x': 665.5, 'y': 286.5}"
R,gamma5,gamma2,large,out,out,"{'x': 650.0, 'y': 274.0}","{'x': 622.0, 'y': 327.0}"
R,gamma5,gamma2,large,out,out,"{'x': 627.5, 'y': 324.5}","{'x': 665.5, 'y': 286.5}"
R,gamma5,gamma2,large,out,out,"{'x': 650.0, 'y': 274.0}","{'x': 622.0, 'y': 327.0}"
R,gamma5,gamma2,large,out,out,"{'x': 627.5, 'y': 324.5}","{'x': 665.5, 'y': 286.5}"
R,gamma5,gamma2,large,out,out,"{'x': 650.0, 'y': 274.0}","{'x': 622.0, 'y': 327.0}"
R,gamma5,gamma2,small,in,in,"{'x': 627.5, 'y': 324.5}","{'x': 665.5, 'y': 286.5}"
R,gamma5,gamma2,small,in,in,"{'x': 650.0, 'y': 274.0}","{'x': 622.0, 'y': 327.0}"
R,gamma5,gamma2,small,in,in,"{'x': 627.5, 'y': 324.5}","{'x': 665.5, 'y': 286.5}"
R,gamma5,gamma2,small,in,in,"{'x': 650.0, 'y': 274.0}","{'x': 622.0, 'y': 327.0}"
R,gamma5,gamma2,small,in,in,"{'x': 627.5, 'y': 324.5}","{'x': 665.5, 'y': 286.5}"
R,gamma5,gamma2,small,in,in,"{'x': 650.0, 'y': 274.0}","{'x': 622.0, 'y': 327.0}"
R,gamma5,gamma2,small,in,in,"{'x': 627.5, 'y': 324.5}","{'x': 665.5, 'y': 286.5}"
R,gamma5,gamma2,small,in,in,"{'x': 650.0, 'y': 274.0}","{'x': 622.0, 'y': 327.0}"
R,gamma5,gamma2,small,out,out,"{'x': 627.5, 'y': 324.5}","{'x': 665.5, 'y': 286.5}"
R,gamma5,gamma2,small,out,out,"{'x': 650.0, 'y': 274.0}","{'x': 622.0, 'y': 327.0}"
R,gamma5,gamma2,small,out,out,"{'x': 627.5, 'y': 324.5}","{'x': 665.5, 'y': 286.5}"
R,gamma5,gamma2,small,out,out,"{'x': 650.0, 'y': 274.0}","{'x': 622.0, 'y': 327.0}"
R,gamma5,gamma2,small,out,out,"{'x': 627.5, 'y': 324.5}","{'x': 665.5, 'y': 286.5}"
R,gamma5,gamma2,small,out,out,"{'x': 650.0, 'y': 274.0}","{'x': 622.0, 'y': 327.0}"
R,gamma5,gamma2,small,out,out,"{'x': 627.5, 'y': 324.5}","{'x': 665.5, 'y': 286.5}"
R,gamma5,gamma2,small,out,out,"{'x': 650.0, 'y': 274.0}","{'x': 622.0, 'y': 327.0}"
R,gamma6,gamma3,large,in,in,"{'x': 626.0, 'y': 628.0}","{'x': 652.0, 'y': 676.0}"
R,gamma6,gamma3,large,in,in,"{'x': 675.0, 'y': 661.0}","{'x': 625.0, 'y': 629.0}"
R,gamma6,gamma3,large,in,in,"{'x': 626.0, 'y': 628.0}","{'x': 652.0, 'y': 676.0}"
R,gamma6,gamma3,large,in,in,"{'x': 675.0, 'y': 661.0}","{'x': 625.0, 'y': 629.0}"
R,gamma6,gamma3,large,in,in,"{'x': 626.0, 'y': 628.0}","{'x': 652.0, 'y': 676.0}"
R,gamma6,gamma3,large,in,in,"{'x': 675.0, 'y': 661.0}","{'x': 625.0, 'y': 629.0}"
R,gamma6,gamma3,large,in,in,"{'x': 626.0, 'y': 628.0}","{'x': 652.0, 'y': 676.0}"
R,gamma6,gamma3,large,in,in,"{'x': 675.0, 'y': 661.0}","{'x': 625.0, 'y': 629.0}"
R,gamma6,gamma3,large,out,out,"{'x': 626.0, 'y': 628.0}","{'x': 652.0, 'y': 676.0}"
R,gamma6,gamma3,large,out,out,"{'x': 675.0, 'y': 661.0}","{'x': 625.0, 'y': 629.0}"
R,gamma6,gamma3,large,out,out,"{'x': 626.0, 'y': 628.0}","{'x': 652.0, 'y': 676.0}"
R,gamma6,gamma3,large,out,out,"{'x': 675.0, 'y': 661.0}","{'x': 625.0, 'y': 629.0}"
R,gamma6,gamma3,large,out,out,"{'x': 626.0, 'y': 628.0}","{'x': 652.0, 'y': 676.0}"
R,gamma6,gamma3,large,out,out,"{'x': 675.0, 'y': 661.0}","{'x': 625.0, 'y': 629.0}"
R,gamma6,gamma3,large,out,out,"{'x': 626.0, 'y': 628.0}","{'x': 652.0, 'y': 676.0}"
R,gamma6,gamma3,large,out,out,"{'x': 675.0, 'y': 661.0}","{'x': 625.0, 'y': 629.0}"
R,gamma6,gamma3,small,in,in,"{'x': 626.0, 'y': 628.0}","{'x': 652.0, 'y': 676.0}"
R,gamma6,gamma3,small,in,in,"{'x': 675.0, 'y': 661.0}","{'x': 625.0, 'y': 629.0}"
R,gamma6,gamma3,small,in,in,"{'x': 626.0, 'y': 628.0}","{'x': 652.0, 'y': 676.0}"
R,gamma6,gamma3,small,in,in,"{'x': 675.0, 'y': 661.0}","{'x': 625.0, 'y': 629.0}"
R,gamma6,gamma3,small,in,in,"{'x': 626.0, 'y': 628.0}","{'x': 652.0, 'y': 676.0}"
R,gamma6,gamma3,small,in,in,"{'x': 675.0, 'y': 661.0}","{'x': 625.0, 'y': 629.0}"
R,gamma6,gamma3,small,in,in,"{'x': 626.0, 'y': 628.0}","{'x': 652.0, 'y': 676.0}"
R,gamma6,gamma3,small,in,in,"{'x': 675.0, 'y': 661.0}","{'x': 625.0, 'y': 629.0}"
R,gamma6,gamma3,small,out,out,"{'x': 626.0, 'y': 628.0}","{'x': 652.0, 'y': 676.0}"
R,gamma6,gamma3,small,out,out,"{'x': 675.0, 'y': 661.0}","{'x': 625.0, 'y': 629.0}"
R,gamma6,gamma3,small,out,out,"{'x': 626.0, 'y': 628.0}","{'x': 652.0, 'y': 676.0}"
R,gamma6,gamma3,small,out,out,"{'x': 675.0, 'y': 661.0}","{'x': 625.0, 'y': 629.0}"
R,gamma6,gamma3,small,out,out,"{'x': 626.0, 'y': 628.0}","{'x': 652.0, 'y': 676.0}"
R,gamma6,gamma3,small,out,out,"{'x': 675.0, 'y': 661.0}","{'x': 625.0, 'y': 629.0}"
R,gamma6,gamma3,small,out,out,"{'x': 626.0, 'y': 628.0}","{'x': 652.0, 'y': 676.0}"
R,gamma6,gamma3,small,out,out,"{'x': 675.0, 'y': 661.0}","{'x': 625.0, 'y': 629.0}"
R,gamma7,gamma4,large,in,in,"{'x': 314.0, 'y': 635.0}","{'x': 276.0, 'y': 668.0}"
R,gamma7,gamma4,large,in,in,"{'x': 297.0, 'y': 675.0}","{'x': 319.0, 'y': 627.0}"
R,gamma7,gamma4,large,in,in,"{'x': 314.0, 'y': 635.0}","{'x': 276.0, 'y': 668.0}"
R,gamma7,gamma4,large,in,in,"{'x': 297.0, 'y': 675.0}","{'x': 319.0, 'y': 627.0}"
R,gamma7,gamma4,large,in,in,"{'x': 314.0, 'y': 635.0}","{'x': 276.0, 'y': 668.0}"
R,gamma7,gamma4,large,in,in,"{'x': 297.0, 'y': 675.0}","{'x': 319.0, 'y': 627.0}"
R,gamma7,gamma4,large,in,in,"{'x': 314.0, 'y': 635.0}","{'x': 276.0, 'y': 668.0}"
R,gamma7,gamma4,large,in,in,"{'x': 297.0, 'y': 675.0}","{'x': 319.0, 'y': 627.0}"
R,gamma7,gamma4,large,out,out,"{'x': 314.0, 'y': 635.0}","{'x': 276.0, 'y': 668.0}"
R,gamma7,gamma4,large,out,out,"{'x': 297.0, 'y': 675.0}","{'x': 319.0, 'y': 627.0}"
R,gamma7,gamma4,large,out,out,"{'x': 314.0, 'y': 635.0}","{'x': 276.0, 'y': 668.0}"
R,gamma7,gamma4,large,out,out,"{'x': 297.0, 'y': 675.0}","{'x': 319.0, 'y': 627.0}"
R,gamma7,gamma4,large,out,out,"{'x': 314.0, 'y': 635.0}","{'x': 276.0, 'y': 668.0}"
R,gamma7,gamma4,large,out,out,"{'x': 297.0, 'y': 675.0}","{'x': 319.0, 'y': 627.0}"
R,gamma7,gamma4,large,out,out,"{'x': 314.0, 'y': 635.0}","{'x': 276.0, 'y': 668.0}"
R,gamma7,gamma4,large,out,out,"{'x': 297.0, 'y': 675.0}","{'x': 319.0, 'y': 627.0}"
R,gamma7,gamma4,small,in,in,"{'x': 314.0, 'y': 635.0}","{'x': 276.0, 'y': 668.0}"
R,gamma7,gamma4,small,in,in,"{'x': 297.0, 'y': 675.0}","{'x': 319.0, 'y': 627.0}"
R,gamma7,gamma4,small,in,in,"{'x': 314.0, 'y': 635.0}","{'x': 276.0, 'y': 668.0}"
R,gamma7,gamma4,small,in,in,"{'x': 297.0, 'y': 675.0}","{'x': 319.0, 'y': 627.0}"
R,gamma7,gamma4,small,in,in,"{'x': 314.0, 'y': 635.0}","{'x': 276.0, 'y': 668.0}"
R,gamma7,gamma4,small,in,in,"{'x': 297.0, 'y': 675.0}","{'x': 319.0, 'y': 627.0}"
R,gamma7,gamma4,small,in,in,"{'x': 314.0, 'y': 635.0}","{'x': 276.0, 'y': 668.0}"
R,gamma7,gamma4,small,in,in,"{'x': 297.0, 'y': 675.0}","{'x': 319.0, 'y': 627.0}"
R,gamma7,gamma4,small,out,out,"{'x': 314.0, 'y': 635.0}","{'x': 276.0, 'y': 668.0}"
R,gamma7,gamma4,small,out,out,"{'x': 297.0, 'y': 675.0}","{'x': 319.0, 'y': 627.0}"
R,gamma7,gamma4,small,out,out,"{'x': 314.0, 'y': 635.0}","{'x': 276.0, 'y': 668.0}"
R,gamma7,gamma4,small,out,out,"{'x': 297.0, 'y': 675.0}","{'x': 319.0, 'y': 627.0}"
R,gamma7,gamma4,small,out,out,"{'x': 314.0, 'y': 635.0}","{'x': 276.0, 'y': 668.0}"
R,gamma7,gamma4,small,out,out,"{'x': 297.0, 'y': 675.0}","{'x': 319.0, 'y': 627.0}"
R,gamma7,gamma4,small,out,out,"{'x': 314.0, 'y': 635.0}","{'x': 276.0, 'y': 668.0}"
R,gamma7,gamma4,small,out,out,"{'x': 297.0, 'y': 675.0}","{'x': 319.0, 'y': 627.0}"
R,gamma8,gamma1,large,in,in,"{'x': 318.0, 'y': 318.0}","{'x': 289.0, 'y': 265.0}"
R,gamma8,gamma1,large,in,in,"{'x': 269.0, 'y': 274.0}","{'x': 317.0, 'y': 301.0}"
R,gamma8,gamma1,large,in,in,"{'x': 318.0, 'y': 318.0}","{'x': 289.0, 'y': 265.0}"
R,gamma8,gamma1,large,in,in,"{'x': 269.0, 'y': 274.0}","{'x': 317.0, 'y': 301.0}"
R,gamma8,gamma1,large,in,in,"{'x': 318.0, 'y': 318.0}","{'x': 289.0, 'y': 265.0}"
R,gamma8,gamma1,large,in,in,"{'x': 269.0, 'y': 274.0}","{'x': 317.0, 'y': 301.0}"
R,gamma8,gamma1,large,in,in,"{'x': 318.0, 'y': 318.0}","{'x': 289.0, 'y': 265.0}"
R,gamma8,gamma1,large,in,in,"{'x': 269.0, 'y': 274.0}","{'x': 317.0, 'y': 301.0}"
R,gamma8,gamma1,large,out,out,"{'x': 318.0, 'y': 318.0}","{'x': 289.0, 'y': 265.0}"
R,gamma8,gamma1,large,out,out,"{'x': 269.0, 'y': 274.0}","{'x': 317.0, 'y': 301.0}"
R,gamma8,gamma1,large,out,out,"{'x': 318.0, 'y': 318.0}","{'x': 289.0, 'y': 265.0}"
R,gamma8,gamma1,large,out,out,"{'x': 269.0, 'y': 274.0}","{'x': 317.0, 'y': 301.0}"
R,gamma8,gamma1,large,out,out,"{'x': 318.0, 'y': 318.0}","{'x': 289.0, 'y': 265.0}"
R,gamma8,gamma1,large,out,out,"{'x': 269.0, 'y': 274.0}","{'x': 317.0, 'y': 301.0}"
R,gamma8,gamma1,large,out,out,"{'x': 318.0, 'y': 318.0}","{'x': 289.0, 'y': 265.0}"
R,gamma8,gamma1,large,out,out,"{'x': 269.0, 'y': 274.0}","{'x': 317.0, 'y': 301.0}"
R,gamma8,gamma1,small,in,in,"{'x': 318.0, 'y': 318.0}","{'x': 289.0, 'y': 265.0}"
R,gamma8,gamma1,small,in,in,"{'x': 269.0, 'y': 274.0}","{'x': 317.0, 'y': 301.0}"
R,gamma8,gamma1,small,in,in,"{'x': 318.0, 'y': 318.0}","{'x': 289.0, 'y': 265.0}"
R,gamma8,gamma1,small,in,in,"{'x': 269.0, 'y': 274.0}","{'x': 317.0, 'y': 301.0}"
R,gamma8,gamma1,small,in,in,"{'x': 318.0, 'y': 318.0}","{'x': 289.0, 'y': 265.0}"
R,gamma8,gamma1,small,in,in,"{'x': 269.0, 'y': 274.0}","{'x': 317.0, 'y': 301.0}"
R,gamma8,gamma1,small,in,in,"{'x': 318.0, 'y': 318.0}","{'x': 289.0, 'y': 265.0}"
R,gamma8,gamma1,small,in,in,"{'x': 269.0, 'y': 274.0}","{'x': 317.0, 'y': 301.0}"
R,gamma8,gamma1,small,out,out,"{'x': 318.0, 'y': 318.0}","{'x': 289.0, 'y': 265.0}"
R,gamma8,gamma1,small,out,out,"{'x': 269.0, 'y': 274.0}","{'x': 317.0, 'y': 301.0}"
R,gamma8,gamma1,small,out,out,"{'x': 318.0, 'y': 318.0}","{'x': 289.0, 'y': 265.0}"
R,gamma8,gamma1,small,out,out,"{'x': 269.0, 'y': 274.0}","{'x': 317.0, 'y': 301.0}"
R,gamma8,gamma1,small,out,out,"{'x': 318.0, 'y': 318.0}","{'x': 289.0, 'y': 265.0}"
R,gamma8,gamma1,small,out,out,"{'x': 269.0, 'y': 274.0}","{'x': 317.0, 'y': 301.0}"
R,gamma8,gamma1,small,out,out,"{'x': 318.0, 'y': 318.0}","{'x': 289.0, 'y': 265.0}"
R,gamma8,gamma1,small,out,out,"{'x': 269.0, 'y': 274.0}","{'x': 317.0, 'y': 301.0}"
